transaction_type,category,transaction_time,amount,account_name,ledger_name,tag,recorder,remark,original_refund_amount,transaction_id,transaction_date,transaction_month,transaction_week,weekday_name,amount_abs,refund_amount,net_amount,signed_amount,analysis_scope,scene_l1,scene_l2,necessity_type,budget_type,risk_tag,analysis_note,clean_status,is_small_high_freq_scene,rule_large_amount,rule_small_high_freq,rule_budget_out_risk,rule_renewal_management,rule_food_delivery,rule_hit_count,risk_level,hit_rule_names,risk_reason,action_suggestion
支出,水果,2026-5-1 7:17,12.0,美团月付,自用-2605,,月岛雯,西瓜,,TX0001,2026-05-01,2026-05,18,五,12.0,0,12.0,-12.0,日常经营分析,日常水果,水果,弹性支出,预算内,是否实惠,专项分析,已清洗,0.0,0,0,0,0,0,0,暂无明显规则命中,无,当前规则下未发现明显风险命中,保持正常记录，后续继续月度复盘
支出,餐饮,2026-5-1 7:18,5.09,美团月付,自用-2605,水,月岛雯,自己喝,,TX0002,2026-05-01,2026-05,18,五,5.09,0,5.09,-5.09,日常经营分析,餐饮消费,日常饮水,必要支出,预算内,无明显风险,高频刚需消费,已清洗,0.0,0,0,0,0,0,0,暂无明显规则命中,无,当前规则下未发现明显风险命中,保持正常记录，后续继续月度复盘
支出,娱乐,2026-5-1 7:20,13.61,美团月付,自用-2605,五一共青桌游,月岛雯,水果,,TX0003,2026-05-01,2026-05,18,五,13.61,0,13.61,-13.61,日常经营分析,娱乐消费,娱乐吃喝,弹性支出,预算内,无明显风险,专项分析,已清洗,0.0,0,0,0,0,0,0,暂无明显规则命中,无,当前规则下未发现明显风险命中,保持正常记录，后续继续月度复盘
支出,娱乐,2026-5-1 7:20,12.84,美团月付,自用-2605,五一共青桌游,月岛雯,零食,,TX0004,2026-05-01,2026-05,18,五,12.84,0,12.84,-12.84,日常经营分析,娱乐消费,娱乐吃喝,弹性支出,预算内,无明显风险,专项分析,已清洗,0.0,0,0,0,0,0,0,暂无明显规则命中,无,当前规则下未发现明显风险命中,保持正常记录，后续继续月度复盘
支出,娱乐,2026-5-1 7:21,8.57,美团月付,自用-2605,五一共青桌游,月岛雯,甜品,,TX0005,2026-05-01,2026-05,18,五,8.57,0,8.57,-8.57,日常经营分析,娱乐消费,娱乐吃喝,弹性支出,预算内,无明显风险,专项分析,已清洗,0.0,0,0,0,0,0,0,暂无明显规则命中,无,当前规则下未发现明显风险命中,保持正常记录，后续继续月度复盘
支出,快递,2026-5-1 7:23,1.2,美团月付,自用-2605,打包,月岛雯,超市购物,,TX0006,2026-05-01,2026-05,18,五,1.2,0,1.2,-1.2,日常经营分析,超市购物,外卖打包,可控支出,预算外,积少成多,非必要支出,已清洗,0.0,0,0,1,0,0,1,一般关注,预算外风险规则,该交易属于预算外支出，且带有风险或优化标签,建议纳入月度预算复盘，判断是否可提前规划
支出,快递,2026-5-1 7:24,6.0,美团月付,自用-2605,配送,月岛雯,超市购物,,TX0007,2026-05-01,2026-05,18,五,6.0,0,6.0,-6.0,日常经营分析,超市购物,外卖配送,可控支出,预算外,积少成多,非必要支出,已清洗,0.0,0,0,1,0,0,1,一般关注,预算外风险规则,该交易属于预算外支出，且带有风险或优化标签,建议纳入月度预算复盘，判断是否可提前规划
支出,水果,2026-5-1 7:24,4.14,美团月付,自用-2605,,月岛雯,香蕉,,TX0008,2026-05-01,2026-05,18,五,4.14,0,4.14,-4.14,日常经营分析,日常水果,水果,弹性支出,预算内,是否实惠,专项分析,已清洗,0.0,0,0,0,0,0,0,暂无明显规则命中,无,当前规则下未发现明显风险命中,保持正常记录，后续继续月度复盘
支出,娱乐,2026-5-1 19:14,40.0,零钱通,自用-2605,五一共青桌游,月岛雯,交通,,TX0009,2026-05-01,2026-05,18,五,40.0,0,40.0,-40.0,日常经营分析,娱乐消费,娱乐出行,必要支出,预算内,无明显风险,专项分析,已清洗,0.0,0,0,0,0,0,0,暂无明显规则命中,无,当前规则下未发现明显风险命中,保持正常记录，后续继续月度复盘
支出,餐饮,2026-5-2 11:10,23.4,美团月付,自用-2605,外卖,月岛雯,中饭,,TX0010,2026-05-02,2026-05,18,六,23.4,0,23.4,-23.4,日常经营分析,餐饮消费,美食外卖,必要支出,预算内,可优化支出,高频刚需消费,已清洗,0.0,0,0,0,0,1,1,一般关注,外卖频次规则,该交易属于美食外卖，是餐饮高占比的重要驱动场景,建议关注外卖频次，尝试用食堂、做饭或提前备餐替代部分场景
支出,快递,2026-5-2 11:11,3.0,美团月付,自用-2605,打包,月岛雯,中饭,,TX0011,2026-05-02,2026-05,18,六,3.0,0,3.0,-3.0,日常经营分析,餐饮消费,外卖打包,可控支出,预算外,积少成多,非必要支出,已清洗,1.0,0,1,1,0,0,2,重点关注,高频小额规则、预算外风险规则,该场景存在小额高频特征，可能形成隐性累计成本；该交易属于预算外支出，且带有风险或优化标签,建议设置月度频次提醒，避免小额支出积少成多；建议纳入月度预算复盘，判断是否可提前规划
支出,快递,2026-5-2 11:11,1.4,美团月付,自用-2605,配送,月岛雯,中饭,,TX0012,2026-05-02,2026-05,18,六,1.4,0,1.4,-1.4,日常经营分析,餐饮消费,外卖配送,可控支出,预算外,积少成多,非必要支出,已清洗,0.0,0,0,1,0,0,1,一般关注,预算外风险规则,该交易属于预算外支出，且带有风险或优化标签,建议纳入月度预算复盘，判断是否可提前规划
支出,餐饮,2026-5-2 18:41,23.8,美团月付,自用-2605,外卖,月岛雯,晚饭,,TX0013,2026-05-02,2026-05,18,六,23.8,0,23.8,-23.8,日常经营分析,餐饮消费,美食外卖,必要支出,预算内,可优化支出,高频刚需消费,已清洗,0.0,0,0,0,0,1,1,一般关注,外卖频次规则,该交易属于美食外卖，是餐饮高占比的重要驱动场景,建议关注外卖频次，尝试用食堂、做饭或提前备餐替代部分场景
支出,快递,2026-5-2 18:42,1.0,美团月付,自用-2605,打包,月岛雯,晚饭,,TX0014,2026-05-02,2026-05,18,六,1.0,0,1.0,-1.0,日常经营分析,餐饮消费,外卖打包,可控支出,预算外,积少成多,非必要支出,已清洗,1.0,0,1,1,0,0,2,重点关注,高频小额规则、预算外风险规则,该场景存在小额高频特征，可能形成隐性累计成本；该交易属于预算外支出，且带有风险或优化标签,建议设置月度频次提醒，避免小额支出积少成多；建议纳入月度预算复盘，判断是否可提前规划
支出,餐饮,2026-5-3 11:33,22.9,美团月付,自用-2605,外卖,月岛雯,中饭,,TX0015,2026-05-03,2026-05,19,日,22.9,0,22.9,-22.9,日常经营分析,餐饮消费,美食外卖,必要支出,预算内,可优化支出,高频刚需消费,已清洗,0.0,0,0,0,0,1,1,一般关注,外卖频次规则,该交易属于美食外卖，是餐饮高占比的重要驱动场景,建议关注外卖频次，尝试用食堂、做饭或提前备餐替代部分场景
支出,快递,2026-5-3 11:34,1.0,美团月付,自用-2605,打包,月岛雯,中饭,,TX0016,2026-05-03,2026-05,19,日,1.0,0,1.0,-1.0,日常经营分析,餐饮消费,外卖打包,可控支出,预算外,积少成多,非必要支出,已清洗,1.0,0,1,1,0,0,2,重点关注,高频小额规则、预算外风险规则,该场景存在小额高频特征，可能形成隐性累计成本；该交易属于预算外支出，且带有风险或优化标签,建议设置月度频次提醒，避免小额支出积少成多；建议纳入月度预算复盘，判断是否可提前规划
支出,餐饮,2026-5-3 19:25,25.7,美团月付,自用-2605,外卖,月岛雯,晚饭,,TX0017,2026-05-03,2026-05,19,日,25.7,0,25.7,-25.7,日常经营分析,餐饮消费,美食外卖,必要支出,预算内,可优化支出,高频刚需消费,已清洗,0.0,0,0,0,0,1,1,一般关注,外卖频次规则,该交易属于美食外卖，是餐饮高占比的重要驱动场景,建议关注外卖频次，尝试用食堂、做饭或提前备餐替代部分场景
支出,快递,2026-5-3 19:25,3.0,美团月付,自用-2605,打包,月岛雯,晚饭,,TX0018,2026-05-03,2026-05,19,日,3.0,0,3.0,-3.0,日常经营分析,餐饮消费,外卖打包,可控支出,预算外,积少成多,非必要支出,已清洗,1.0,0,1,1,0,0,2,重点关注,高频小额规则、预算外风险规则,该场景存在小额高频特征，可能形成隐性累计成本；该交易属于预算外支出，且带有风险或优化标签,建议设置月度频次提醒，避免小额支出积少成多；建议纳入月度预算复盘，判断是否可提前规划
支出,餐饮,2026-5-4 14:51,19.87,美团月付,自用-2605,外卖,月岛雯,中饭,,TX0019,2026-05-04,2026-05,19,一,19.87,0,19.87,-19.87,日常经营分析,餐饮消费,美食外卖,必要支出,预算内,可优化支出,高频刚需消费,已清洗,0.0,0,0,0,0,1,1,一般关注,外卖频次规则,该交易属于美食外卖，是餐饮高占比的重要驱动场景,建议关注外卖频次，尝试用食堂、做饭或提前备餐替代部分场景
支出,快递,2026-5-4 14:51,1.0,美团月付,自用-2605,打包,月岛雯,中饭,,TX0020,2026-05-04,2026-05,19,一,1.0,0,1.0,-1.0,日常经营分析,餐饮消费,外卖打包,可控支出,预算外,积少成多,非必要支出,已清洗,1.0,0,1,1,0,0,2,重点关注,高频小额规则、预算外风险规则,该场景存在小额高频特征，可能形成隐性累计成本；该交易属于预算外支出，且带有风险或优化标签,建议设置月度频次提醒，避免小额支出积少成多；建议纳入月度预算复盘，判断是否可提前规划
支出,餐饮,2026-5-4 19:31,22.8,美团月付,自用-2605,外卖,月岛雯,晚饭,,TX0022,2026-05-04,2026-05,19,一,22.8,0,22.8,-22.8,日常经营分析,餐饮消费,美食外卖,必要支出,预算内,可优化支出,高频刚需消费,已清洗,0.0,0,0,0,0,1,1,一般关注,外卖频次规则,该交易属于美食外卖，是餐饮高占比的重要驱动场景,建议关注外卖频次，尝试用食堂、做饭或提前备餐替代部分场景
支出,快递,2026-5-4 19:31,3.0,美团月付,自用-2605,打包,月岛雯,晚饭,,TX0023,2026-05-04,2026-05,19,一,3.0,0,3.0,-3.0,日常经营分析,餐饮消费,外卖打包,可控支出,预算外,积少成多,非必要支出,已清洗,1.0,0,1,1,0,0,2,重点关注,高频小额规则、预算外风险规则,该场景存在小额高频特征，可能形成隐性累计成本；该交易属于预算外支出，且带有风险或优化标签,建议设置月度频次提醒，避免小额支出积少成多；建议纳入月度预算复盘，判断是否可提前规划
支出,娱乐,2026-5-5 11:10,30.0,校园卡,自用-2605,五月五茶馆相聚,月岛雯,中饭,,TX0024,2026-05-05,2026-05,19,二,30.0,0,30.0,-30.0,日常经营分析,娱乐消费,娱乐吃喝,弹性支出,预算内,无明显风险,专项分析,已清洗,0.0,0,0,0,0,0,0,暂无明显规则命中,无,当前规则下未发现明显风险命中,保持正常记录，后续继续月度复盘
支出,交通,2026-5-5 15:45,1.8,零钱通,自用-2605,骑行,月岛雯,,,TX0025,2026-05-05,2026-05,19,二,1.8,0,1.8,-1.8,日常经营分析,日常交通,经济出行,必要支出,预算内,无明显风险,高频刚需消费,已清洗,1.0,0,1,0,0,0,1,一般关注,高频小额规则,该场景存在小额高频特征，可能形成隐性累计成本,建议设置月度频次提醒，避免小额支出积少成多
支出,其它,2026-5-5 20:08,50.0,零钱通,自用-2605,不必要支出,月岛雯,丢手机,,TX0026,2026-05-05,2026-05,19,二,50.0,0,50.0,-50.0,日常经营分析,意外支出,丢手机,意外支出,预算外,大额风险,专项分析,已清洗,0.0,0,0,1,0,0,1,一般关注,预算外风险规则,该交易属于预算外支出，且带有风险或优化标签,建议纳入月度预算复盘，判断是否可提前规划
支出,娱乐,2026-5-5 20:10,50.0,零钱通,自用-2605,五月五茶馆相聚,月岛雯,交通,,TX0028,2026-05-05,2026-05,19,二,50.0,0,50.0,-50.0,日常经营分析,娱乐消费,娱乐出行,必要支出,预算内,无明显风险,专项分析,已清洗,0.0,0,0,0,0,0,0,暂无明显规则命中,无,当前规则下未发现明显风险命中,保持正常记录，后续继续月度复盘
支出,交通,2026-5-5 21:23,1.8,美团月付,自用-2605,骑行,月岛雯,美团骑行,,TX0029,2026-05-05,2026-05,19,二,1.8,0,1.8,-1.8,日常经营分析,日常交通,经济出行,必要支出,预算内,无明显风险,高频刚需消费,已清洗,1.0,0,1,0,0,0,1,一般关注,高频小额规则,该场景存在小额高频特征，可能形成隐性累计成本,建议设置月度频次提醒，避免小额支出积少成多
支出,餐饮,2026-5-6 16:29,24.3,美团月付,自用-2605,外卖,月岛雯,中饭,,TX0030,2026-05-06,2026-05,19,三,24.3,0,24.3,-24.3,日常经营分析,餐饮消费,美食外卖,必要支出,预算内,可优化支出,高频刚需消费,已清洗,0.0,0,0,0,0,1,1,一般关注,外卖频次规则,该交易属于美食外卖，是餐饮高占比的重要驱动场景,建议关注外卖频次，尝试用食堂、做饭或提前备餐替代部分场景
支出,快递,2026-5-6 16:30,1.0,美团月付,自用-2605,打包,月岛雯,中饭,,TX0031,2026-05-06,2026-05,19,三,1.0,0,1.0,-1.0,日常经营分析,餐饮消费,外卖打包,可控支出,预算外,积少成多,非必要支出,已清洗,1.0,0,1,1,0,0,2,重点关注,高频小额规则、预算外风险规则,该场景存在小额高频特征，可能形成隐性累计成本；该交易属于预算外支出，且带有风险或优化标签,建议设置月度频次提醒，避免小额支出积少成多；建议纳入月度预算复盘，判断是否可提前规划
支出,数码,2026-5-6 19:41,19.0,南京银行-活期,自用-2605,软件会员,月岛雯,百度网盘月度会员,,TX0033,2026-05-06,2026-05,19,三,19.0,0,19.0,-19.0,日常经营分析,数码软件,月度会员,弹性支出,预算外,续费管理,专项分析,已清洗,0.0,0,0,1,1,0,2,重点关注,预算外风险规则、续费管理规则,该交易属于预算外支出，且带有风险或优化标签；该交易属于软件/会员/订阅类支出，存在续费管理需求,建议建立订阅台账，记录续费周期、金额和实际使用频率；建议纳入月度预算复盘，判断是否可提前规划
支出,餐饮,2026-5-7 18:24,19.78,美团月付,自用-2605,外卖,月岛雯,晚饭,,TX0036,2026-05-07,2026-05,19,四,19.78,0,19.78,-19.78,日常经营分析,餐饮消费,美食外卖,必要支出,预算内,可优化支出,高频刚需消费,已清洗,0.0,0,0,0,0,1,1,一般关注,外卖频次规则,该交易属于美食外卖，是餐饮高占比的重要驱动场景,建议关注外卖频次，尝试用食堂、做饭或提前备餐替代部分场景
支出,快递,2026-5-7 18:24,4.0,美团月付,自用-2605,打包,月岛雯,晚饭,,TX0037,2026-05-07,2026-05,19,四,4.0,0,4.0,-4.0,日常经营分析,餐饮消费,外卖打包,可控支出,预算外,积少成多,非必要支出,已清洗,1.0,0,1,1,0,0,2,重点关注,高频小额规则、预算外风险规则,该场景存在小额高频特征，可能形成隐性累计成本；该交易属于预算外支出，且带有风险或优化标签,建议设置月度频次提醒，避免小额支出积少成多；建议纳入月度预算复盘，判断是否可提前规划
支出,餐饮,2026-5-8 6:59,8.5,零钱通,自用-2605,到店,月岛雯,早餐,,TX0038,2026-05-08,2026-05,19,五,8.5,0,8.5,-8.5,日常经营分析,餐饮消费,到店餐饮,必要支出,预算内,可优化支出,高频刚需消费,已清洗,1.0,0,1,0,0,0,1,一般关注,高频小额规则,该场景存在小额高频特征，可能形成隐性累计成本,建议设置月度频次提醒，避免小额支出积少成多
支出,餐饮,2026-5-8 18:35,24.8,美团月付,自用-2605,外卖,月岛雯,晚饭,,TX0039,2026-05-08,2026-05,19,五,24.8,0,24.8,-24.8,日常经营分析,餐饮消费,美食外卖,必要支出,预算内,可优化支出,高频刚需消费,已清洗,0.0,0,0,0,0,1,1,一般关注,外卖频次规则,该交易属于美食外卖，是餐饮高占比的重要驱动场景,建议关注外卖频次，尝试用食堂、做饭或提前备餐替代部分场景
支出,快递,2026-5-8 18:35,1.0,美团月付,自用-2605,打包,月岛雯,晚饭,,TX0040,2026-05-08,2026-05,19,五,1.0,0,1.0,-1.0,日常经营分析,餐饮消费,外卖打包,可控支出,预算外,积少成多,非必要支出,已清洗,1.0,0,1,1,0,0,2,重点关注,高频小额规则、预算外风险规则,该场景存在小额高频特征，可能形成隐性累计成本；该交易属于预算外支出，且带有风险或优化标签,建议设置月度频次提醒，避免小额支出积少成多；建议纳入月度预算复盘，判断是否可提前规划
支出,人情,2026-5-9 11:13,2.0,校园卡,自用-2605,吃喝,月岛雯,老蒋帮填welink表单,,TX0043,2026-05-09,2026-05,19,六,2.0,0,2.0,-2.0,日常经营分析,餐饮消费,人情买账,弹性支出,预算外,存在非必要必出,部分花费可能没统计到人情里,已清洗,0.0,0,0,1,0,0,1,一般关注,预算外风险规则,该交易属于预算外支出，且带有风险或优化标签,建议纳入月度预算复盘，判断是否可提前规划
支出,交通,2026-5-9 19:46,49.69,南京银行-活期,自用-2605,,月岛雯,月末删除,,TX0044,2026-05-09,2026-05,19,六,49.69,0,49.69,-49.69,日常经营分析,日常交通,经济出行,必要支出,预算内,无明显风险,高频刚需消费,已清洗,1.0,0,0,0,0,0,0,暂无明显规则命中,无,当前规则下未发现明显风险命中,保持正常记录，后续继续月度复盘
支出,人情,2026-5-9 19:48,27.34,南京银行-活期,自用-2605,吃喝,月岛雯,老蒋帮填welink表单,,TX0045,2026-05-09,2026-05,19,六,27.34,0,27.34,-27.34,日常经营分析,餐饮消费,人情买账,弹性支出,预算外,存在非必要必出,部分花费可能没统计到人情里,已清洗,0.0,0,0,1,0,0,1,一般关注,预算外风险规则,该交易属于预算外支出，且带有风险或优化标签,建议纳入月度预算复盘，判断是否可提前规划
支出,数码,2026-5-9 21:53,1.82,平安银行,自用-2605,电子产品,月岛雯,耳机,,TX0049,2026-05-09,2026-05,19,六,1.82,0,1.82,-1.82,日常经营分析,数码软件,电子产品,弹性支出,预算外,续费管理,专项分析,已清洗,0.0,0,0,1,1,0,2,重点关注,预算外风险规则、续费管理规则,该交易属于预算外支出，且带有风险或优化标签；该交易属于软件/会员/订阅类支出，存在续费管理需求,建议建立订阅台账，记录续费周期、金额和实际使用频率；建议纳入月度预算复盘，判断是否可提前规划
支出,餐饮,2026-5-10 18:43,18.99,美团月付,自用-2605,外卖,月岛雯,晚饭,,TX0054,2026-05-10,2026-05,20,日,18.99,0,18.99,-18.99,日常经营分析,餐饮消费,美食外卖,必要支出,预算内,可优化支出,高频刚需消费,已清洗,0.0,0,0,0,0,1,1,一般关注,外卖频次规则,该交易属于美食外卖，是餐饮高占比的重要驱动场景,建议关注外卖频次，尝试用食堂、做饭或提前备餐替代部分场景
支出,快递,2026-5-10 18:43,2.0,美团月付,自用-2605,打包,月岛雯,晚饭,,TX0055,2026-05-10,2026-05,20,日,2.0,0,2.0,-2.0,日常经营分析,餐饮消费,外卖打包,可控支出,预算外,积少成多,非必要支出,已清洗,1.0,0,1,1,0,0,2,重点关注,高频小额规则、预算外风险规则,该场景存在小额高频特征，可能形成隐性累计成本；该交易属于预算外支出，且带有风险或优化标签,建议设置月度频次提醒，避免小额支出积少成多；建议纳入月度预算复盘，判断是否可提前规划
支出,交通,2026-5-10 19:54,2.0,南京银行-活期,自用-2605,小驴,月岛雯,充电,,TX0057,2026-05-10,2026-05,20,日,2.0,0,2.0,-2.0,日常经营分析,日常交通,经济出行,必要支出,预算内,无明显风险,高频刚需消费,已清洗,1.0,0,1,0,0,0,1,一般关注,高频小额规则,该场景存在小额高频特征，可能形成隐性累计成本,建议设置月度频次提醒，避免小额支出积少成多
支出,餐饮,2026-5-10 21:10,9.9,零钱通,自用-2605,到店,月岛雯,早餐,,TX0058,2026-05-10,2026-05,20,日,9.9,0,9.9,-9.9,日常经营分析,餐饮消费,到店餐饮,必要支出,预算内,可优化支出,高频刚需消费,已清洗,1.0,0,1,0,0,0,1,一般关注,高频小额规则,该场景存在小额高频特征，可能形成隐性累计成本,建议设置月度频次提醒，避免小额支出积少成多
支出,餐饮,2026-5-11 11:54,21.8,美团月付,自用-2605,外卖,月岛雯,中饭,,TX0059,2026-05-11,2026-05,20,一,21.8,0,21.8,-21.8,日常经营分析,餐饮消费,美食外卖,必要支出,预算内,可优化支出,高频刚需消费,已清洗,0.0,0,0,0,0,1,1,一般关注,外卖频次规则,该交易属于美食外卖，是餐饮高占比的重要驱动场景,建议关注外卖频次，尝试用食堂、做饭或提前备餐替代部分场景
支出,快递,2026-5-11 11:54,3.0,美团月付,自用-2605,打包,月岛雯,中饭,,TX0060,2026-05-11,2026-05,20,一,3.0,0,3.0,-3.0,日常经营分析,餐饮消费,外卖打包,可控支出,预算外,积少成多,非必要支出,已清洗,1.0,0,1,1,0,0,2,重点关注,高频小额规则、预算外风险规则,该场景存在小额高频特征，可能形成隐性累计成本；该交易属于预算外支出，且带有风险或优化标签,建议设置月度频次提醒，避免小额支出积少成多；建议纳入月度预算复盘，判断是否可提前规划
支出,餐饮,2026-5-11 19:45,20.8,美团月付,自用-2605,外卖,月岛雯,晚饭,,TX0061,2026-05-11,2026-05,20,一,20.8,0,20.8,-20.8,日常经营分析,餐饮消费,美食外卖,必要支出,预算内,可优化支出,高频刚需消费,已清洗,0.0,0,0,0,0,1,1,一般关注,外卖频次规则,该交易属于美食外卖，是餐饮高占比的重要驱动场景,建议关注外卖频次，尝试用食堂、做饭或提前备餐替代部分场景
支出,快递,2026-5-11 19:46,4.0,美团月付,自用-2605,打包,月岛雯,晚饭,,TX0062,2026-05-11,2026-05,20,一,4.0,0,4.0,-4.0,日常经营分析,餐饮消费,外卖打包,可控支出,预算外,积少成多,非必要支出,已清洗,1.0,0,1,1,0,0,2,重点关注,高频小额规则、预算外风险规则,该场景存在小额高频特征，可能形成隐性累计成本；该交易属于预算外支出，且带有风险或优化标签,建议设置月度频次提醒，避免小额支出积少成多；建议纳入月度预算复盘，判断是否可提前规划
支出,交通,2026-5-11 19:54,1.32,南京银行-活期,自用-2605,小驴,月岛雯,充电,,TX0064,2026-05-11,2026-05,20,一,1.32,0,1.32,-1.32,日常经营分析,日常交通,经济出行,必要支出,预算内,无明显风险,高频刚需消费,已清洗,1.0,0,1,0,0,0,1,一般关注,高频小额规则,该场景存在小额高频特征，可能形成隐性累计成本,建议设置月度频次提醒，避免小额支出积少成多
支出,服饰,2026-5-11 21:50,7.9,抖音月付,自用-2605,衣服,月岛雯,短袖,,TX0067,2026-05-11,2026-05,20,一,7.9,0,7.9,-7.9,日常经营分析,日常服饰,日常衣物,可控支出,预算外,非必要支出,可控支出,已清洗,0.0,0,0,1,0,0,1,一般关注,预算外风险规则,该交易属于预算外支出，且带有风险或优化标签,建议纳入月度预算复盘，判断是否可提前规划
支出,服饰,2026-5-11 21:50,3.99,抖音月付,自用-2605,饰品,月岛雯,头绳,,TX0068,2026-05-11,2026-05,20,一,3.99,0,3.99,-3.99,日常经营分析,日常服饰,日常饰品,可控支出,预算外,非必要支出,可控支出,已清洗,1.0,0,1,1,0,0,2,重点关注,高频小额规则、预算外风险规则,该场景存在小额高频特征，可能形成隐性累计成本；该交易属于预算外支出，且带有风险或优化标签,建议设置月度频次提醒，避免小额支出积少成多；建议纳入月度预算复盘，判断是否可提前规划
支出,饮品,2026-5-12 11:15,4.5,校园卡,自用-2605,糖水,月岛雯,糖水粥铺,,TX0071,2026-05-12,2026-05,20,二,4.5,0,4.5,-4.5,日常经营分析,日常饮品,糖水,弹性支出,预算内,无明显风险,专项分析,已清洗,1.0,0,1,0,0,0,1,一般关注,高频小额规则,该场景存在小额高频特征，可能形成隐性累计成本,建议设置月度频次提醒，避免小额支出积少成多
支出,餐饮,2026-5-12 11:15,15.0,校园卡,自用-2605,食堂,月岛雯,中饭,,TX0072,2026-05-12,2026-05,20,二,15.0,0,15.0,-15.0,日常经营分析,餐饮消费,校园餐饮,必要支出,预算内,无明显风险,高频刚需消费,已清洗,0.0,0,0,0,0,0,0,暂无明显规则命中,无,当前规则下未发现明显风险命中,保持正常记录，后续继续月度复盘
支出,饮品,2026-5-12 11:15,3.5,校园卡,自用-2605,糖水,月岛雯,糖水粥铺,,TX0073,2026-05-12,2026-05,20,二,3.5,0,3.5,-3.5,日常经营分析,日常饮品,糖水,弹性支出,预算内,无明显风险,专项分析,已清洗,1.0,0,1,0,0,0,1,一般关注,高频小额规则,该场景存在小额高频特征，可能形成隐性累计成本,建议设置月度频次提醒，避免小额支出积少成多
支出,日用,2026-5-12 11:18,9.8,零钱通,自用-2605,日用纸巾类,月岛雯,洗脸巾,,TX0074,2026-05-12,2026-05,20,二,9.8,0,9.8,-9.8,日常经营分析,日用购买,日用纸巾,必要支出,预算内,无明显风险,专项分析,已清洗,0.0,0,0,0,0,0,0,暂无明显规则命中,无,当前规则下未发现明显风险命中,保持正常记录，后续继续月度复盘
支出,零食,2026-5-12 11:18,10.8,零钱通,自用-2605,辣味零食,月岛雯,鸡胸肉干,,TX0077,2026-05-12,2026-05,20,二,10.8,0,10.8,-10.8,日常经营分析,日常零食,休闲食品,弹性支出,预算内,是否吃完,与实际相联系,已清洗,1.0,0,0,0,0,0,0,暂无明显规则命中,无,当前规则下未发现明显风险命中,保持正常记录，后续继续月度复盘
支出,甜品,2026-5-12 11:18,4.9,零钱通,自用-2605,奶制品,月岛雯,酸奶,,TX0078,2026-05-12,2026-05,20,二,4.9,0,4.9,-4.9,日常经营分析,日常甜品,休闲零食,弹性支出,预算外,无明显风险,专项分析,已清洗,1.0,0,1,0,0,0,1,一般关注,高频小额规则,该场景存在小额高频特征，可能形成隐性累计成本,建议设置月度频次提醒，避免小额支出积少成多
支出,饮品,2026-5-12 11:18,8.9,零钱通,自用-2605,奶制品,月岛雯,牛奶,,TX0079,2026-05-12,2026-05,20,二,8.9,0,8.9,-8.9,日常经营分析,日常饮品,奶制品,弹性支出,预算内,无明显风险,专项分析,已清洗,1.0,0,1,0,0,0,1,一般关注,高频小额规则,该场景存在小额高频特征，可能形成隐性累计成本,建议设置月度频次提醒，避免小额支出积少成多
支出,饮品,2026-5-12 11:18,5.7,零钱通,自用-2605,奶制品,月岛雯,燕麦奶,,TX0080,2026-05-12,2026-05,20,二,5.7,0,5.7,-5.7,日常经营分析,日常饮品,奶制品,弹性支出,预算内,无明显风险,专项分析,已清洗,1.0,0,1,0,0,0,1,一般关注,高频小额规则,该场景存在小额高频特征，可能形成隐性累计成本,建议设置月度频次提醒，避免小额支出积少成多
支出,零食,2026-5-12 11:18,1.0,零钱通,自用-2605,辣味零食,月岛雯,豆角干,,TX0081,2026-05-12,2026-05,20,二,1.0,0,1.0,-1.0,日常经营分析,日常零食,休闲食品,弹性支出,预算内,是否吃完,与实际相联系,已清洗,1.0,0,1,0,0,0,1,一般关注,高频小额规则,该场景存在小额高频特征，可能形成隐性累计成本,建议设置月度频次提醒，避免小额支出积少成多
支出,零食,2026-5-12 11:18,7.6,零钱通,自用-2605,饱腹型零食,月岛雯,泡面,,TX0082,2026-05-12,2026-05,20,二,7.6,0,7.6,-7.6,日常经营分析,日常零食,休闲食品,弹性支出,预算内,是否吃完,与实际相联系,已清洗,1.0,0,1,0,0,0,1,一般关注,高频小额规则,该场景存在小额高频特征，可能形成隐性累计成本,建议设置月度频次提醒，避免小额支出积少成多
支出,快递,2026-5-12 11:18,1.0,零钱通,自用-2605,打包,月岛雯,购物袋,,TX0083,2026-05-12,2026-05,20,二,1.0,0,1.0,-1.0,日常经营分析,超市购物,购物袋,可控支出,预算外,积少成多,非必要支出,已清洗,1.0,0,1,1,0,0,2,重点关注,高频小额规则、预算外风险规则,该场景存在小额高频特征，可能形成隐性累计成本；该交易属于预算外支出，且带有风险或优化标签,建议设置月度频次提醒，避免小额支出积少成多；建议纳入月度预算复盘，判断是否可提前规划
支出,日用,2026-5-12 11:27,19.9,零钱通,自用-2605,日用清洗,月岛雯,留香珠,,TX0084,2026-05-12,2026-05,20,二,19.9,0,19.9,-19.9,日常经营分析,日用购买,日用清洗,必要支出,预算内,无明显风险,专项分析,已清洗,0.0,0,0,0,0,0,0,暂无明显规则命中,无,当前规则下未发现明显风险命中,保持正常记录，后续继续月度复盘
支出,交通,2026-5-12 20:04,0.3,中国银行,自用-2605,骑行,月岛雯,哈啰出行,,TX0085,2026-05-12,2026-05,20,二,0.3,0,0.3,-0.3,日常经营分析,日常交通,经济出行,必要支出,预算内,无明显风险,高频刚需消费,已清洗,1.0,0,1,0,0,0,1,一般关注,高频小额规则,该场景存在小额高频特征，可能形成隐性累计成本,建议设置月度频次提醒，避免小额支出积少成多
支出,学习,2026-5-12 21:53,9.9,平安银行,自用-2605,硕士毕业,月岛雯,论文打印,,TX0086,2026-05-12,2026-05,20,二,9.9,0,9.9,-9.9,日常经营分析,日常打印,论文打印,必要支出,预算内,无明显风险,可优化支出,已清洗,1.0,0,1,0,0,0,1,一般关注,高频小额规则,该场景存在小额高频特征，可能形成隐性累计成本,建议设置月度频次提醒，避免小额支出积少成多
支出,餐饮,2026-5-13 11:38,19.8,美团月付,自用-2605,外卖,月岛雯,中饭,,TX0088,2026-05-13,2026-05,20,三,19.8,0,19.8,-19.8,日常经营分析,餐饮消费,美食外卖,必要支出,预算内,可优化支出,高频刚需消费,已清洗,0.0,0,0,0,0,1,1,一般关注,外卖频次规则,该交易属于美食外卖，是餐饮高占比的重要驱动场景,建议关注外卖频次，尝试用食堂、做饭或提前备餐替代部分场景
支出,快递,2026-5-13 11:38,2.0,美团月付,自用-2605,打包,月岛雯,中饭,,TX0089,2026-05-13,2026-05,20,三,2.0,0,2.0,-2.0,日常经营分析,餐饮消费,外卖打包,可控支出,预算外,积少成多,非必要支出,已清洗,1.0,0,1,1,0,0,2,重点关注,高频小额规则、预算外风险规则,该场景存在小额高频特征，可能形成隐性累计成本；该交易属于预算外支出，且带有风险或优化标签,建议设置月度频次提醒，避免小额支出积少成多；建议纳入月度预算复盘，判断是否可提前规划
支出,餐饮,2026-5-13 18:40,21.45,美团月付,自用-2605,外卖,月岛雯,晚饭,,TX0092,2026-05-13,2026-05,20,三,21.45,0,21.45,-21.45,日常经营分析,餐饮消费,美食外卖,必要支出,预算内,可优化支出,高频刚需消费,已清洗,0.0,0,0,0,0,1,1,一般关注,外卖频次规则,该交易属于美食外卖，是餐饮高占比的重要驱动场景,建议关注外卖频次，尝试用食堂、做饭或提前备餐替代部分场景
支出,快递,2026-5-13 18:40,3.0,美团月付,自用-2605,打包,月岛雯,晚饭,,TX0093,2026-05-13,2026-05,20,三,3.0,0,3.0,-3.0,日常经营分析,餐饮消费,外卖打包,可控支出,预算外,积少成多,非必要支出,已清洗,1.0,0,1,1,0,0,2,重点关注,高频小额规则、预算外风险规则,该场景存在小额高频特征，可能形成隐性累计成本；该交易属于预算外支出，且带有风险或优化标签,建议设置月度频次提醒，避免小额支出积少成多；建议纳入月度预算复盘，判断是否可提前规划
支出,服饰,2026-5-13 19:54,29.8,抖音月付,自用-2605,衣服,月岛雯,睡衣,,TX0094,2026-05-13,2026-05,20,三,29.8,0,29.8,-29.8,日常经营分析,日常服饰,日常衣物,可控支出,预算外,非必要支出,可控支出,已清洗,0.0,0,0,1,0,0,1,一般关注,预算外风险规则,该交易属于预算外支出，且带有风险或优化标签,建议纳入月度预算复盘，判断是否可提前规划
支出,餐饮,2026-5-14 13:33,19.8,美团月付,自用-2605,外卖,月岛雯,中饭,,TX0095,2026-05-14,2026-05,20,四,19.8,0,19.8,-19.8,日常经营分析,餐饮消费,美食外卖,必要支出,预算内,可优化支出,高频刚需消费,已清洗,0.0,0,0,0,0,1,1,一般关注,外卖频次规则,该交易属于美食外卖，是餐饮高占比的重要驱动场景,建议关注外卖频次，尝试用食堂、做饭或提前备餐替代部分场景
支出,快递,2026-5-14 13:34,1.0,美团月付,自用-2605,打包,月岛雯,中饭,,TX0096,2026-05-14,2026-05,20,四,1.0,0,1.0,-1.0,日常经营分析,餐饮消费,外卖打包,可控支出,预算外,积少成多,非必要支出,已清洗,1.0,0,1,1,0,0,2,重点关注,高频小额规则、预算外风险规则,该场景存在小额高频特征，可能形成隐性累计成本；该交易属于预算外支出，且带有风险或优化标签,建议设置月度频次提醒，避免小额支出积少成多；建议纳入月度预算复盘，判断是否可提前规划
支出,书籍,2026-5-15 11:40,10.0,南京银行-活期,自用-2605,知识型书籍,月岛雯,明朝那些事儿有声书,,TX0102,2026-05-15,2026-05,20,五,10.0,0,10.0,-10.0,日常经营分析,书籍购买,线上产品,弹性支出,预算外,是否使用,之后可以尝试卖出,已清洗,0.0,0,0,1,0,0,1,一般关注,预算外风险规则,该交易属于预算外支出，且带有风险或优化标签,建议纳入月度预算复盘，判断是否可提前规划
支出,餐饮,2026-5-15 11:50,20.6,平安银行,自用-2605,外卖,月岛雯,中饭,,TX0103,2026-05-15,2026-05,20,五,20.6,0,20.6,-20.6,日常经营分析,餐饮消费,美食外卖,必要支出,预算内,可优化支出,高频刚需消费,已清洗,0.0,0,0,0,0,1,1,一般关注,外卖频次规则,该交易属于美食外卖，是餐饮高占比的重要驱动场景,建议关注外卖频次，尝试用食堂、做饭或提前备餐替代部分场景
支出,快递,2026-5-15 11:50,2.0,平安银行,自用-2605,打包,月岛雯,中饭,,TX0104,2026-05-15,2026-05,20,五,2.0,0,2.0,-2.0,日常经营分析,餐饮消费,外卖打包,可控支出,预算外,积少成多,非必要支出,已清洗,1.0,0,1,1,0,0,2,重点关注,高频小额规则、预算外风险规则,该场景存在小额高频特征，可能形成隐性累计成本；该交易属于预算外支出，且带有风险或优化标签,建议设置月度频次提醒，避免小额支出积少成多；建议纳入月度预算复盘，判断是否可提前规划
支出,快递,2026-5-15 19:39,2.0,美团月付,自用-2605,打包,月岛雯,晚饭,,TX0106,2026-05-15,2026-05,20,五,2.0,0,2.0,-2.0,日常经营分析,餐饮消费,外卖打包,可控支出,预算外,积少成多,非必要支出,已清洗,1.0,0,1,1,0,0,2,重点关注,高频小额规则、预算外风险规则,该场景存在小额高频特征，可能形成隐性累计成本；该交易属于预算外支出，且带有风险或优化标签,建议设置月度频次提醒，避免小额支出积少成多；建议纳入月度预算复盘，判断是否可提前规划
支出,快递,2026-5-15 19:40,1.4,美团月付,自用-2605,配送,月岛雯,晚饭,,TX0107,2026-05-15,2026-05,20,五,1.4,0,1.4,-1.4,日常经营分析,餐饮消费,外卖配送,可控支出,预算外,积少成多,非必要支出,已清洗,0.0,0,0,1,0,0,1,一般关注,预算外风险规则,该交易属于预算外支出，且带有风险或优化标签,建议纳入月度预算复盘，判断是否可提前规划
支出,餐饮,2026-5-15 19:40,22.29,美团月付,自用-2605,外卖,月岛雯,晚饭,,TX0108,2026-05-15,2026-05,20,五,22.29,0,22.29,-22.29,日常经营分析,餐饮消费,美食外卖,必要支出,预算内,可优化支出,高频刚需消费,已清洗,0.0,0,0,0,0,1,1,一般关注,外卖频次规则,该交易属于美食外卖，是餐饮高占比的重要驱动场景,建议关注外卖频次，尝试用食堂、做饭或提前备餐替代部分场景
支出,交通,2026-5-16 7:13,9.0,地铁卡,自用-2605,华美,月岛雯,脱毛,,TX0109,2026-05-16,2026-05,20,六,9.0,0,9.0,-9.0,日常经营分析,日常交通,经济出行,必要支出,预算内,无明显风险,高频刚需消费,已清洗,1.0,0,1,0,0,0,1,一般关注,高频小额规则,该场景存在小额高频特征，可能形成隐性累计成本,建议设置月度频次提醒，避免小额支出积少成多
支出,甜品,2026-5-16 8:43,7.5,平安银行,自用-2605,,月岛雯,瑞幸大福,,TX0110,2026-05-16,2026-05,20,六,7.5,0,7.5,-7.5,日常经营分析,日常甜品,休闲零食,弹性支出,预算外,无明显风险,专项分析,已清洗,1.0,0,1,0,0,0,1,一般关注,高频小额规则,该场景存在小额高频特征，可能形成隐性累计成本,建议设置月度频次提醒，避免小额支出积少成多
支出,饮品,2026-5-16 8:43,10.9,平安银行,自用-2605,奶茶,月岛雯,瑞幸,,TX0111,2026-05-16,2026-05,20,六,10.9,0,10.9,-10.9,日常经营分析,日常饮品,奶茶,弹性支出,预算内,无明显风险,专项分析,已清洗,1.0,0,0,0,0,0,0,暂无明显规则命中,无,当前规则下未发现明显风险命中,保持正常记录，后续继续月度复盘
支出,餐饮,2026-5-16 8:49,13.2,平安银行,自用-2605,水,月岛雯,自己喝,,TX0113,2026-05-16,2026-05,20,六,13.2,0,13.2,-13.2,日常经营分析,餐饮消费,日常饮水,必要支出,预算内,无明显风险,高频刚需消费,已清洗,0.0,0,0,0,0,0,0,暂无明显规则命中,无,当前规则下未发现明显风险命中,保持正常记录，后续继续月度复盘
支出,饮品,2026-5-16 8:50,13.8,平安银行,自用-2605,奶制品,月岛雯,牛奶,,TX0114,2026-05-16,2026-05,20,六,13.8,0,13.8,-13.8,日常经营分析,日常饮品,奶制品,弹性支出,预算内,无明显风险,专项分析,已清洗,1.0,0,0,0,0,0,0,暂无明显规则命中,无,当前规则下未发现明显风险命中,保持正常记录，后续继续月度复盘
支出,水果,2026-5-16 8:50,19.9,平安银行,自用-2605,,月岛雯,耙耙柑,,TX0115,2026-05-16,2026-05,20,六,19.9,0,19.9,-19.9,日常经营分析,日常水果,水果,弹性支出,预算内,是否实惠,专项分析,已清洗,0.0,0,0,0,0,0,0,暂无明显规则命中,无,当前规则下未发现明显风险命中,保持正常记录，后续继续月度复盘
支出,水果,2026-5-16 8:50,14.9,平安银行,自用-2605,,月岛雯,西瓜,,TX0116,2026-05-16,2026-05,20,六,14.9,0,14.9,-14.9,日常经营分析,日常水果,水果,弹性支出,预算内,是否实惠,专项分析,已清洗,0.0,0,0,0,0,0,0,暂无明显规则命中,无,当前规则下未发现明显风险命中,保持正常记录，后续继续月度复盘
支出,水果,2026-5-16 8:50,4.8,平安银行,自用-2605,,月岛雯,香蕉,,TX0117,2026-05-16,2026-05,20,六,4.8,0,4.8,-4.8,日常经营分析,日常水果,水果,弹性支出,预算内,是否实惠,专项分析,已清洗,0.0,0,0,0,0,0,0,暂无明显规则命中,无,当前规则下未发现明显风险命中,保持正常记录，后续继续月度复盘
支出,快递,2026-5-16 8:50,1.2,平安银行,自用-2605,打包,月岛雯,购物袋,,TX0118,2026-05-16,2026-05,20,六,1.2,0,1.2,-1.2,日常经营分析,超市购物,购物袋,可控支出,预算外,积少成多,非必要支出,已清洗,1.0,0,1,1,0,0,2,重点关注,高频小额规则、预算外风险规则,该场景存在小额高频特征，可能形成隐性累计成本；该交易属于预算外支出，且带有风险或优化标签,建议设置月度频次提醒，避免小额支出积少成多；建议纳入月度预算复盘，判断是否可提前规划
支出,餐饮,2026-5-16 13:44,23.99,美团月付,自用-2605,外卖,月岛雯,中饭,,TX0119,2026-05-16,2026-05,20,六,23.99,0,23.99,-23.99,日常经营分析,餐饮消费,美食外卖,必要支出,预算内,可优化支出,高频刚需消费,已清洗,0.0,0,0,0,0,1,1,一般关注,外卖频次规则,该交易属于美食外卖，是餐饮高占比的重要驱动场景,建议关注外卖频次，尝试用食堂、做饭或提前备餐替代部分场景
支出,快递,2026-5-16 13:44,1.0,美团月付,自用-2605,打包,月岛雯,中饭,,TX0120,2026-05-16,2026-05,20,六,1.0,0,1.0,-1.0,日常经营分析,餐饮消费,外卖打包,可控支出,预算外,积少成多,非必要支出,已清洗,1.0,0,1,1,0,0,2,重点关注,高频小额规则、预算外风险规则,该场景存在小额高频特征，可能形成隐性累计成本；该交易属于预算外支出，且带有风险或优化标签,建议设置月度频次提醒，避免小额支出积少成多；建议纳入月度预算复盘，判断是否可提前规划
支出,捐赠,2026-5-16 18:06,20.0,平安银行,自用-2605,水滴筹,月岛雯,,,TX0121,2026-05-16,2026-05,20,六,20.0,0,20.0,-20.0,日常经营分析,爱心捐赠,水滴筹,可控支出,预算外,意外支出,可控支出,已清洗,0.0,0,0,1,0,0,1,一般关注,预算外风险规则,该交易属于预算外支出，且带有风险或优化标签,建议纳入月度预算复盘，判断是否可提前规划
支出,水果,2026-5-17 7:27,29.8,平安银行,自用-2605,,月岛雯,羊角蜜,,TX0123,2026-05-17,2026-05,21,日,29.8,0,29.8,-29.8,日常经营分析,日常水果,水果,弹性支出,预算内,是否实惠,专项分析,已清洗,0.0,0,0,0,0,0,0,暂无明显规则命中,无,当前规则下未发现明显风险命中,保持正常记录，后续继续月度复盘
支出,餐饮,2026-5-17 7:27,59.9,抖音月付,自用-2605,做饭,月岛雯,蛋,,TX0124,2026-05-17,2026-05,21,日,59.9,0,59.9,-59.9,日常经营分析,餐饮消费,居家做饭,必要支出,预算内,无明显风险,高频刚需消费,已清洗,0.0,0,0,0,0,0,0,暂无明显规则命中,无,当前规则下未发现明显风险命中,保持正常记录，后续继续月度复盘
支出,餐饮,2026-5-17 8:37,21.6,平安银行,自用-2605,到店,月岛雯,晚饭,,TX0125,2026-05-17,2026-05,21,日,21.6,0,21.6,-21.6,日常经营分析,餐饮消费,到店餐饮,必要支出,预算内,可优化支出,高频刚需消费,已清洗,1.0,0,0,0,0,0,0,暂无明显规则命中,无,当前规则下未发现明显风险命中,保持正常记录，后续继续月度复盘
支出,零食,2026-5-17 8:39,43.2,平安银行,自用-2605,辣味零食,月岛雯,鸡胸肉干,,TX0126,2026-05-17,2026-05,21,日,43.2,0,43.2,-43.2,日常经营分析,日常零食,休闲食品,弹性支出,预算内,是否吃完,与实际相联系,已清洗,1.0,0,0,0,0,0,0,暂无明显规则命中,无,当前规则下未发现明显风险命中,保持正常记录，后续继续月度复盘
支出,餐饮,2026-5-17 11:10,25.79,美团月付,自用-2605,外卖,月岛雯,中饭,,TX0127,2026-05-17,2026-05,21,日,25.79,0,25.79,-25.79,日常经营分析,餐饮消费,美食外卖,必要支出,预算内,可优化支出,高频刚需消费,已清洗,0.0,0,0,0,0,1,1,一般关注,外卖频次规则,该交易属于美食外卖，是餐饮高占比的重要驱动场景,建议关注外卖频次，尝试用食堂、做饭或提前备餐替代部分场景
支出,快递,2026-5-17 11:10,1.0,美团月付,自用-2605,打包,月岛雯,中饭,,TX0128,2026-05-17,2026-05,21,日,1.0,0,1.0,-1.0,日常经营分析,餐饮消费,外卖打包,可控支出,预算外,积少成多,非必要支出,已清洗,1.0,0,1,1,0,0,2,重点关注,高频小额规则、预算外风险规则,该场景存在小额高频特征，可能形成隐性累计成本；该交易属于预算外支出，且带有风险或优化标签,建议设置月度频次提醒，避免小额支出积少成多；建议纳入月度预算复盘，判断是否可提前规划
支出,餐饮,2026-5-18 8:37,21.6,平安银行,自用-2605,做饭,月岛雯,晚饭,,TX0131,2026-05-18,2026-05,21,一,21.6,0,21.6,-21.6,日常经营分析,餐饮消费,居家做饭,必要支出,预算内,无明显风险,高频刚需消费,已清洗,0.0,0,0,0,0,0,0,暂无明显规则命中,无,当前规则下未发现明显风险命中,保持正常记录，后续继续月度复盘
支出,餐饮,2026-5-18 12:03,17.92,平安银行,自用-2605,外卖,月岛雯,中饭,,TX0132,2026-05-18,2026-05,21,一,17.92,0,17.92,-17.92,日常经营分析,餐饮消费,美食外卖,必要支出,预算内,可优化支出,高频刚需消费,已清洗,0.0,0,0,0,0,1,1,一般关注,外卖频次规则,该交易属于美食外卖，是餐饮高占比的重要驱动场景,建议关注外卖频次，尝试用食堂、做饭或提前备餐替代部分场景
支出,快递,2026-5-18 12:04,2.0,平安银行,自用-2605,打包,月岛雯,中饭,,TX0133,2026-05-18,2026-05,21,一,2.0,0,2.0,-2.0,日常经营分析,餐饮消费,外卖打包,可控支出,预算外,积少成多,非必要支出,已清洗,1.0,0,1,1,0,0,2,重点关注,高频小额规则、预算外风险规则,该场景存在小额高频特征，可能形成隐性累计成本；该交易属于预算外支出，且带有风险或优化标签,建议设置月度频次提醒，避免小额支出积少成多；建议纳入月度预算复盘，判断是否可提前规划
支出,餐饮,2026-5-19 8:57,5.0,校园卡,自用-2605,食堂,月岛雯,早餐,,TX0135,2026-05-19,2026-05,21,二,5.0,0,5.0,-5.0,日常经营分析,餐饮消费,校园餐饮,必要支出,预算内,无明显风险,高频刚需消费,已清洗,0.0,0,0,0,0,0,0,暂无明显规则命中,无,当前规则下未发现明显风险命中,保持正常记录，后续继续月度复盘
支出,交通,2026-5-19 20:46,18.0,中国银行,自用-2605,,月岛雯,回学校,,TX0136,2026-05-19,2026-05,21,二,18.0,0,18.0,-18.0,日常经营分析,日常交通,舒适出行,可控支出,预算外,大额风险,视实际情况而定,已清洗,0.0,0,0,1,0,0,1,一般关注,预算外风险规则,该交易属于预算外支出，且带有风险或优化标签,建议纳入月度预算复盘，判断是否可提前规划
支出,书籍,2026-5-19 20:47,5.0,花呗,自用-2605,知识型书籍,月岛雯,明朝那些事儿有声书,,TX0137,2026-05-19,2026-05,21,二,5.0,0,5.0,-5.0,日常经营分析,书籍购买,线上产品,弹性支出,预算外,是否使用,之后可以尝试卖出,已清洗,0.0,0,0,1,0,0,1,一般关注,预算外风险规则,该交易属于预算外支出，且带有风险或优化标签,建议纳入月度预算复盘，判断是否可提前规划
支出,饮品,2026-5-19 20:48,4.5,校园卡,自用-2605,糖水,月岛雯,糖水粥铺,,TX0138,2026-05-19,2026-05,21,二,4.5,0,4.5,-4.5,日常经营分析,日常饮品,糖水,弹性支出,预算内,无明显风险,专项分析,已清洗,1.0,0,1,0,0,0,1,一般关注,高频小额规则,该场景存在小额高频特征，可能形成隐性累计成本,建议设置月度频次提醒，避免小额支出积少成多
支出,餐饮,2026-5-19 20:48,15.0,校园卡,自用-2605,食堂,月岛雯,中饭,,TX0139,2026-05-19,2026-05,21,二,15.0,0,15.0,-15.0,日常经营分析,餐饮消费,校园餐饮,必要支出,预算内,无明显风险,高频刚需消费,已清洗,0.0,0,0,0,0,0,0,暂无明显规则命中,无,当前规则下未发现明显风险命中,保持正常记录，后续继续月度复盘
支出,餐饮,2026-5-19 20:49,13.0,校园卡,自用-2605,食堂,月岛雯,晚饭,,TX0140,2026-05-19,2026-05,21,二,13.0,0,13.0,-13.0,日常经营分析,餐饮消费,校园餐饮,必要支出,预算内,无明显风险,高频刚需消费,已清洗,0.0,0,0,0,0,0,0,暂无明显规则命中,无,当前规则下未发现明显风险命中,保持正常记录，后续继续月度复盘
支出,日用,2026-5-19 20:50,3.0,校园卡,自用-2605,电子产品,月岛雯,电池,,TX0141,2026-05-19,2026-05,21,二,3.0,0,3.0,-3.0,日常经营分析,日用购买,电子产品,必要支出,预算内,无明显风险,专项分析,已清洗,0.0,0,0,0,0,0,0,暂无明显规则命中,无,当前规则下未发现明显风险命中,保持正常记录，后续继续月度复盘
支出,交通,2026-5-19 21:39,9.0,地铁卡,自用-2605,地铁,月岛雯,回学校,,TX0143,2026-05-19,2026-05,21,二,9.0,0,9.0,-9.0,日常经营分析,日常交通,经济出行,必要支出,预算内,无明显风险,高频刚需消费,已清洗,1.0,0,1,0,0,0,1,一般关注,高频小额规则,该场景存在小额高频特征，可能形成隐性累计成本,建议设置月度频次提醒，避免小额支出积少成多
支出,交通,2026-5-19 21:40,1.0,地铁卡,自用-2605,公交,月岛雯,回学校,,TX0144,2026-05-19,2026-05,21,二,1.0,0,1.0,-1.0,日常经营分析,日常交通,经济出行,必要支出,预算内,无明显风险,高频刚需消费,已清洗,1.0,0,1,0,0,0,1,一般关注,高频小额规则,该场景存在小额高频特征，可能形成隐性累计成本,建议设置月度频次提醒，避免小额支出积少成多
支出,交通,2026-5-20 7:24,9.5,地铁卡,自用-2605,地铁,月岛雯,回学校,,TX0145,2026-05-20,2026-05,21,三,9.5,0,9.5,-9.5,日常经营分析,日常交通,经济出行,必要支出,预算内,无明显风险,高频刚需消费,已清洗,1.0,0,1,0,0,0,1,一般关注,高频小额规则,该场景存在小额高频特征，可能形成隐性累计成本,建议设置月度频次提醒，避免小额支出积少成多
支出,交通,2026-5-20 19:17,2.4,微信钱包,自用-2605,骑行,月岛雯,青桔,,TX0147,2026-05-20,2026-05,21,三,2.4,0,2.4,-2.4,日常经营分析,日常交通,经济出行,必要支出,预算内,无明显风险,高频刚需消费,已清洗,1.0,0,1,0,0,0,1,一般关注,高频小额规则,该场景存在小额高频特征，可能形成隐性累计成本,建议设置月度频次提醒，避免小额支出积少成多
支出,交通,2026-5-20 19:19,2.9,平安银行,自用-2605,骑行,月岛雯,青桔,,TX0148,2026-05-20,2026-05,21,三,2.9,0,2.9,-2.9,日常经营分析,日常交通,经济出行,必要支出,预算内,无明显风险,高频刚需消费,已清洗,1.0,0,1,0,0,0,1,一般关注,高频小额规则,该场景存在小额高频特征，可能形成隐性累计成本,建议设置月度频次提醒，避免小额支出积少成多
支出,餐饮,2026-5-20 19:20,15.0,校园卡,自用-2605,食堂,月岛雯,中饭,,TX0149,2026-05-20,2026-05,21,三,15.0,0,15.0,-15.0,日常经营分析,餐饮消费,校园餐饮,必要支出,预算内,无明显风险,高频刚需消费,已清洗,0.0,0,0,0,0,0,0,暂无明显规则命中,无,当前规则下未发现明显风险命中,保持正常记录，后续继续月度复盘
支出,餐饮,2026-5-20 21:07,3.0,平安银行,自用-2605,到店,月岛雯,晚饭,,TX0150,2026-05-20,2026-05,21,三,3.0,0,3.0,-3.0,日常经营分析,餐饮消费,到店餐饮,必要支出,预算内,可优化支出,高频刚需消费,已清洗,1.0,0,1,0,0,0,1,一般关注,高频小额规则,该场景存在小额高频特征，可能形成隐性累计成本,建议设置月度频次提醒，避免小额支出积少成多
支出,交通,2026-5-20 21:08,1.06,美团月付,自用-2605,骑行,月岛雯,美团骑行,,TX0151,2026-05-20,2026-05,21,三,1.06,0,1.06,-1.06,日常经营分析,日常交通,经济出行,必要支出,预算内,无明显风险,高频刚需消费,已清洗,1.0,0,1,0,0,0,1,一般关注,高频小额规则,该场景存在小额高频特征，可能形成隐性累计成本,建议设置月度频次提醒，避免小额支出积少成多
支出,交通,2026-5-21 7:23,9.0,地铁卡,自用-2605,地铁,月岛雯,回学校,,TX0152,2026-05-21,2026-05,21,四,9.0,0,9.0,-9.0,日常经营分析,日常交通,经济出行,必要支出,预算内,无明显风险,高频刚需消费,已清洗,1.0,0,1,0,0,0,1,一般关注,高频小额规则,该场景存在小额高频特征，可能形成隐性累计成本,建议设置月度频次提醒，避免小额支出积少成多
支出,餐饮,2026-5-21 7:30,14.6,校园卡,自用-2605,食堂,月岛雯,中饭,,TX0153,2026-05-21,2026-05,21,四,14.6,0,14.6,-14.6,日常经营分析,餐饮消费,校园餐饮,必要支出,预算内,无明显风险,高频刚需消费,已清洗,0.0,0,0,0,0,0,0,暂无明显规则命中,无,当前规则下未发现明显风险命中,保持正常记录，后续继续月度复盘
支出,餐饮,2026-5-21 7:30,15.6,校园卡,自用-2605,食堂,月岛雯,晚饭,,TX0154,2026-05-21,2026-05,21,四,15.6,0,15.6,-15.6,日常经营分析,餐饮消费,校园餐饮,必要支出,预算内,无明显风险,高频刚需消费,已清洗,0.0,0,0,0,0,0,0,暂无明显规则命中,无,当前规则下未发现明显风险命中,保持正常记录，后续继续月度复盘
支出,饮品,2026-5-21 7:30,5.5,校园卡,自用-2605,糖水,月岛雯,糖水粥铺,,TX0155,2026-05-21,2026-05,21,四,5.5,0,5.5,-5.5,日常经营分析,日常饮品,糖水,弹性支出,预算内,无明显风险,专项分析,已清洗,1.0,0,1,0,0,0,1,一般关注,高频小额规则,该场景存在小额高频特征，可能形成隐性累计成本,建议设置月度频次提醒，避免小额支出积少成多
支出,交通,2026-5-21 7:51,3.82,中国银行,自用-2605,骑行,月岛雯,哈啰出行,,TX0156,2026-05-21,2026-05,21,四,3.82,0,3.82,-3.82,日常经营分析,日常交通,经济出行,必要支出,预算内,无明显风险,高频刚需消费,已清洗,1.0,0,1,0,0,0,1,一般关注,高频小额规则,该场景存在小额高频特征，可能形成隐性累计成本,建议设置月度频次提醒，避免小额支出积少成多
支出,交通,2026-5-21 7:52,1.5,中国银行,自用-2605,骑行,月岛雯,哈啰出行,,TX0157,2026-05-21,2026-05,21,四,1.5,0,1.5,-1.5,日常经营分析,日常交通,经济出行,必要支出,预算内,无明显风险,高频刚需消费,已清洗,1.0,0,1,0,0,0,1,一般关注,高频小额规则,该场景存在小额高频特征，可能形成隐性累计成本,建议设置月度频次提醒，避免小额支出积少成多
支出,交通,2026-5-22 10:56,0.8,微信钱包,自用-2605,骑行,月岛雯,青桔,,TX0160,2026-05-22,2026-05,21,五,0.8,0,0.8,-0.8,日常经营分析,日常交通,经济出行,必要支出,预算内,无明显风险,高频刚需消费,已清洗,1.0,0,1,0,0,0,1,一般关注,高频小额规则,该场景存在小额高频特征，可能形成隐性累计成本,建议设置月度频次提醒，避免小额支出积少成多
支出,学习,2026-5-22 11:16,9.45,平安银行,自用-2605,打印,月岛雯,论文打印,,TX0161,2026-05-22,2026-05,21,五,9.45,0,9.45,-9.45,日常经营分析,日常打印,论文打印,必要支出,预算内,无明显风险,可优化支出,已清洗,1.0,0,1,0,0,0,1,一般关注,高频小额规则,该场景存在小额高频特征，可能形成隐性累计成本,建议设置月度频次提醒，避免小额支出积少成多
支出,饮品,2026-5-22 11:33,8.0,校园卡,自用-2605,糖水,月岛雯,糖水粥铺,,TX0162,2026-05-22,2026-05,21,五,8.0,0,8.0,-8.0,日常经营分析,日常饮品,糖水,弹性支出,预算内,无明显风险,专项分析,已清洗,1.0,0,1,0,0,0,1,一般关注,高频小额规则,该场景存在小额高频特征，可能形成隐性累计成本,建议设置月度频次提醒，避免小额支出积少成多
支出,餐饮,2026-5-22 16:04,15.0,校园卡,自用-2605,食堂,月岛雯,中饭,,TX0163,2026-05-22,2026-05,21,五,15.0,0,15.0,-15.0,日常经营分析,餐饮消费,校园餐饮,必要支出,预算内,无明显风险,高频刚需消费,已清洗,0.0,0,0,0,0,0,0,暂无明显规则命中,无,当前规则下未发现明显风险命中,保持正常记录，后续继续月度复盘
支出,交通,2026-5-22 16:06,9.0,地铁卡,自用-2605,地铁,月岛雯,回学校,,TX0164,2026-05-22,2026-05,21,五,9.0,0,9.0,-9.0,日常经营分析,日常交通,经济出行,必要支出,预算内,无明显风险,高频刚需消费,已清洗,1.0,0,1,0,0,0,1,一般关注,高频小额规则,该场景存在小额高频特征，可能形成隐性累计成本,建议设置月度频次提醒，避免小额支出积少成多
支出,交通,2026-5-22 16:12,0.99,中国银行,自用-2605,骑行,月岛雯,哈啰出行,,TX0165,2026-05-22,2026-05,21,五,0.99,0,0.99,-0.99,日常经营分析,日常交通,经济出行,必要支出,预算内,无明显风险,高频刚需消费,已清洗,1.0,0,1,0,0,0,1,一般关注,高频小额规则,该场景存在小额高频特征，可能形成隐性累计成本,建议设置月度频次提醒，避免小额支出积少成多
支出,餐饮,2026-5-22 20:08,21.58,美团月付,自用-2605,外卖,月岛雯,晚饭,,TX0166,2026-05-22,2026-05,21,五,21.58,0,21.58,-21.58,日常经营分析,餐饮消费,美食外卖,必要支出,预算内,可优化支出,高频刚需消费,已清洗,0.0,0,0,0,0,1,1,一般关注,外卖频次规则,该交易属于美食外卖，是餐饮高占比的重要驱动场景,建议关注外卖频次，尝试用食堂、做饭或提前备餐替代部分场景
支出,快递,2026-5-22 20:09,3.0,美团月付,自用-2605,打包,月岛雯,晚饭,,TX0167,2026-05-22,2026-05,21,五,3.0,0,3.0,-3.0,日常经营分析,餐饮消费,外卖打包,可控支出,预算外,积少成多,非必要支出,已清洗,1.0,0,1,1,0,0,2,重点关注,高频小额规则、预算外风险规则,该场景存在小额高频特征，可能形成隐性累计成本；该交易属于预算外支出，且带有风险或优化标签,建议设置月度频次提醒，避免小额支出积少成多；建议纳入月度预算复盘，判断是否可提前规划
支出,交通,2026-5-23 10:56,1.6,微信钱包,自用-2605,骑行,月岛雯,青桔,,TX0168,2026-05-23,2026-05,21,六,1.6,0,1.6,-1.6,日常经营分析,日常交通,经济出行,必要支出,预算内,无明显风险,高频刚需消费,已清洗,1.0,0,1,0,0,0,1,一般关注,高频小额规则,该场景存在小额高频特征，可能形成隐性累计成本,建议设置月度频次提醒，避免小额支出积少成多
支出,学习,2026-5-23 15:32,117.22,平安银行,自用-2605,打印,月岛雯,论文打印,,TX0169,2026-05-23,2026-05,21,六,117.22,0,117.22,-117.22,日常经营分析,日常打印,论文打印,必要支出,预算内,无明显风险,可优化支出,已清洗,1.0,1,0,0,0,0,1,一般关注,单笔大额规则,单笔金额较高，需要复核支出必要性,建议核对该笔支出的必要性、预算类型和备注说明
支出,交通,2026-5-23 15:53,8.4,平安银行,自用-2605,顺风车,月岛雯,回学校,,TX0170,2026-05-23,2026-05,21,六,8.4,0,8.4,-8.4,日常经营分析,日常交通,舒适出行,可控支出,预算外,大额风险,视实际情况而定,已清洗,0.0,0,0,1,0,0,1,一般关注,预算外风险规则,该交易属于预算外支出，且带有风险或优化标签,建议纳入月度预算复盘，判断是否可提前规划
支出,娱乐,2026-5-23 15:58,39.37,美团月付,自用-2605,看电影,月岛雯,电影票,,TX0171,2026-05-23,2026-05,21,六,39.37,0,39.37,-39.37,日常经营分析,娱乐消费,娱乐电影,弹性支出,预算内,无明显风险,专项分析,已清洗,0.0,0,0,0,0,0,0,暂无明显规则命中,无,当前规则下未发现明显风险命中,保持正常记录，后续继续月度复盘
支出,社交,2026-5-23 15:58,39.36,美团月付,自用-2605,看电影,月岛雯,高欣怡,,TX0172,2026-05-23,2026-05,21,六,39.36,0,39.36,-39.36,日常经营分析,娱乐消费,人情买账,弹性支出,预算外,存在非必要必出,部分花费可能没统计到人情里,已清洗,0.0,0,0,1,0,0,1,一般关注,预算外风险规则,该交易属于预算外支出，且带有风险或优化标签,建议纳入月度预算复盘，判断是否可提前规划
支出,交通,2026-5-23 16:05,8.1,地铁卡,自用-2605,地铁,月岛雯,回学校,,TX0173,2026-05-23,2026-05,21,六,8.1,0,8.1,-8.1,日常经营分析,日常交通,经济出行,必要支出,预算内,无明显风险,高频刚需消费,已清洗,1.0,0,1,0,0,0,1,一般关注,高频小额规则,该场景存在小额高频特征，可能形成隐性累计成本,建议设置月度频次提醒，避免小额支出积少成多
支出,娱乐,2026-5-23 16:07,110.0,宁波银行,自用-2605,吃喝,月岛雯,跟杜旭杰哥聚餐,,TX0174,2026-05-23,2026-05,21,六,110.0,0,110.0,-110.0,日常经营分析,娱乐消费,娱乐吃喝,弹性支出,预算内,无明显风险,专项分析,已清洗,0.0,1,0,0,0,0,1,一般关注,单笔大额规则,单笔金额较高，需要复核支出必要性,建议核对该笔支出的必要性、预算类型和备注说明
支出,学习,2026-5-23 16:09,9.03,宁波银行,自用-2605,硕士毕业,月岛雯,答辩老师咖啡,,TX0175,2026-05-23,2026-05,21,六,9.03,0,9.03,-9.03,日常经营分析,日常打印,论文打印,必要支出,预算内,无明显风险,可优化支出,已清洗,1.0,0,1,0,0,0,1,一般关注,高频小额规则,该场景存在小额高频特征，可能形成隐性累计成本,建议设置月度频次提醒，避免小额支出积少成多
支出,交通,2026-5-23 16:10,32.0,南京银行-活期,自用-2605,顺风车,月岛雯,回学校,,TX0176,2026-05-23,2026-05,21,六,32.0,0,32.0,-32.0,日常经营分析,日常交通,舒适出行,可控支出,预算外,大额风险,视实际情况而定,已清洗,0.0,0,0,1,0,0,1,一般关注,预算外风险规则,该交易属于预算外支出，且带有风险或优化标签,建议纳入月度预算复盘，判断是否可提前规划
支出,餐饮,2026-5-23 16:13,13.36,中国银行,自用-2605,到店,月岛雯,早餐,,TX0177,2026-05-23,2026-05,21,六,13.36,0,13.36,-13.36,日常经营分析,餐饮消费,到店餐饮,必要支出,预算内,可优化支出,高频刚需消费,已清洗,1.0,0,0,0,0,0,0,暂无明显规则命中,无,当前规则下未发现明显风险命中,保持正常记录，后续继续月度复盘
支出,餐饮,2026-5-24 11:41,24.64,美团月付,自用-2605,外卖,月岛雯,中饭,,TX0178,2026-05-24,2026-05,22,日,24.64,0,24.64,-24.64,日常经营分析,餐饮消费,美食外卖,必要支出,预算内,可优化支出,高频刚需消费,已清洗,0.0,0,0,0,0,1,1,一般关注,外卖频次规则,该交易属于美食外卖，是餐饮高占比的重要驱动场景,建议关注外卖频次，尝试用食堂、做饭或提前备餐替代部分场景
支出,快递,2026-5-24 11:41,4.0,美团月付,自用-2605,打包,月岛雯,中饭,,TX0179,2026-05-24,2026-05,22,日,4.0,0,4.0,-4.0,日常经营分析,餐饮消费,外卖打包,可控支出,预算外,积少成多,非必要支出,已清洗,1.0,0,1,1,0,0,2,重点关注,高频小额规则、预算外风险规则,该场景存在小额高频特征，可能形成隐性累计成本；该交易属于预算外支出，且带有风险或优化标签,建议设置月度频次提醒，避免小额支出积少成多；建议纳入月度预算复盘，判断是否可提前规划
支出,饮品,2026-5-24 15:37,9.06,平安银行,自用-2605,奶茶,月岛雯,蜜雪冰城,,TX0180,2026-05-24,2026-05,22,日,9.06,0,9.06,-9.06,日常经营分析,日常饮品,奶茶,弹性支出,预算内,无明显风险,专项分析,已清洗,1.0,0,1,0,0,0,1,一般关注,高频小额规则,该场景存在小额高频特征，可能形成隐性累计成本,建议设置月度频次提醒，避免小额支出积少成多
支出,社交,2026-5-24 15:37,8.06,平安银行,自用-2605,奶茶,月岛雯,高欣怡,,TX0181,2026-05-24,2026-05,22,日,8.06,0,8.06,-8.06,日常经营分析,餐饮消费,人情买账,弹性支出,预算外,存在非必要必出,部分花费可能没统计到人情里,已清洗,0.0,0,0,1,0,0,1,一般关注,预算外风险规则,该交易属于预算外支出，且带有风险或优化标签,建议纳入月度预算复盘，判断是否可提前规划
支出,社交,2026-5-24 15:37,1.0,平安银行,自用-2605,零食,月岛雯,高欣怡,,TX0182,2026-05-24,2026-05,22,日,1.0,0,1.0,-1.0,日常经营分析,餐饮消费,人情买账,弹性支出,预算外,存在非必要必出,部分花费可能没统计到人情里,已清洗,0.0,0,0,1,0,0,1,一般关注,预算外风险规则,该交易属于预算外支出，且带有风险或优化标签,建议纳入月度预算复盘，判断是否可提前规划
支出,零食,2026-5-24 15:37,1.0,平安银行,自用-2605,零食,月岛雯,瓜子,,TX0183,2026-05-24,2026-05,22,日,1.0,0,1.0,-1.0,日常经营分析,日常零食,休闲食品,弹性支出,预算内,是否吃完,与实际相联系,已清洗,1.0,0,1,0,0,0,1,一般关注,高频小额规则,该场景存在小额高频特征，可能形成隐性累计成本,建议设置月度频次提醒，避免小额支出积少成多
支出,饮品,2026-5-24 15:41,4.0,平安银行,自用-2605,饮料,月岛雯,左邻右舍,,TX0184,2026-05-24,2026-05,22,日,4.0,0,4.0,-4.0,日常经营分析,日常饮品,饮料,弹性支出,预算内,无明显风险,专项分析,已清洗,1.0,0,1,0,0,0,1,一般关注,高频小额规则,该场景存在小额高频特征，可能形成隐性累计成本,建议设置月度频次提醒，避免小额支出积少成多
支出,餐饮,2026-5-24 15:41,2.0,平安银行,自用-2605,水,月岛雯,自己喝,,TX0185,2026-05-24,2026-05,22,日,2.0,0,2.0,-2.0,日常经营分析,餐饮消费,日常饮水,必要支出,预算内,无明显风险,高频刚需消费,已清洗,0.0,0,0,0,0,0,0,暂无明显规则命中,无,当前规则下未发现明显风险命中,保持正常记录，后续继续月度复盘
支出,日用,2026-5-24 15:41,10.0,平安银行,自用-2605,日用纸巾类,月岛雯,姨妈巾,,TX0186,2026-05-24,2026-05,22,日,10.0,0,10.0,-10.0,日常经营分析,日用购买,日用纸巾,必要支出,预算内,无明显风险,专项分析,已清洗,0.0,0,0,0,0,0,0,暂无明显规则命中,无,当前规则下未发现明显风险命中,保持正常记录，后续继续月度复盘
支出,零食,2026-5-24 15:41,2.5,平安银行,自用-2605,辣味零食,月岛雯,辣条,,TX0187,2026-05-24,2026-05,22,日,2.5,0,2.5,-2.5,日常经营分析,日常零食,休闲食品,弹性支出,预算内,是否吃完,与实际相联系,已清洗,1.0,0,1,0,0,0,1,一般关注,高频小额规则,该场景存在小额高频特征，可能形成隐性累计成本,建议设置月度频次提醒，避免小额支出积少成多
支出,饮品,2026-5-24 15:41,4.0,平安银行,自用-2605,奶制品,月岛雯,酸奶,,TX0188,2026-05-24,2026-05,22,日,4.0,0,4.0,-4.0,日常经营分析,日常饮品,奶制品,弹性支出,预算内,无明显风险,专项分析,已清洗,1.0,0,1,0,0,0,1,一般关注,高频小额规则,该场景存在小额高频特征，可能形成隐性累计成本,建议设置月度频次提醒，避免小额支出积少成多
支出,餐饮,2026-5-25 11:27,19.79,美团月付,自用-2605,外卖,月岛雯,中饭,,TX0189,2026-05-25,2026-05,22,一,19.79,0,19.79,-19.79,日常经营分析,餐饮消费,美食外卖,必要支出,预算内,可优化支出,高频刚需消费,已清洗,0.0,0,0,0,0,1,1,一般关注,外卖频次规则,该交易属于美食外卖，是餐饮高占比的重要驱动场景,建议关注外卖频次，尝试用食堂、做饭或提前备餐替代部分场景
支出,快递,2026-5-25 11:28,2.0,美团月付,自用-2605,打包,月岛雯,中饭,,TX0190,2026-05-25,2026-05,22,一,2.0,0,2.0,-2.0,日常经营分析,餐饮消费,外卖打包,可控支出,预算外,积少成多,非必要支出,已清洗,1.0,0,1,1,0,0,2,重点关注,高频小额规则、预算外风险规则,该场景存在小额高频特征，可能形成隐性累计成本；该交易属于预算外支出，且带有风险或优化标签,建议设置月度频次提醒，避免小额支出积少成多；建议纳入月度预算复盘，判断是否可提前规划
支出,饮品,2026-5-25 15:46,10.0,平安银行,自用-2605,奶茶,月岛雯,蜜雪冰城,,TX0192,2026-05-25,2026-05,22,一,10.0,0,10.0,-10.0,日常经营分析,日常饮品,奶茶,弹性支出,预算内,无明显风险,专项分析,已清洗,1.0,0,1,0,0,0,1,一般关注,高频小额规则,该场景存在小额高频特征，可能形成隐性累计成本,建议设置月度频次提醒，避免小额支出积少成多
支出,餐饮,2026-5-25 15:46,13.9,平安银行,自用-2605,到店,月岛雯,晚饭,,TX0193,2026-05-25,2026-05,22,一,13.9,0,13.9,-13.9,日常经营分析,餐饮消费,到店餐饮,必要支出,预算内,可优化支出,高频刚需消费,已清洗,1.0,0,0,0,0,0,0,暂无明显规则命中,无,当前规则下未发现明显风险命中,保持正常记录，后续继续月度复盘
支出,社交,2026-5-25 15:46,13.9,平安银行,自用-2605,吃喝,月岛雯,高欣怡,,TX0194,2026-05-25,2026-05,22,一,13.9,0,13.9,-13.9,日常经营分析,餐饮消费,人情买账,弹性支出,预算外,存在非必要必出,部分花费可能没统计到人情里,已清洗,0.0,0,0,1,0,0,1,一般关注,预算外风险规则,该交易属于预算外支出，且带有风险或优化标签,建议纳入月度预算复盘，判断是否可提前规划
支出,交通,2026-5-26 16:02,30.7,花呗,自用-2605,顺风车,月岛雯,回学校,,TX0195,2026-05-26,2026-05,22,二,30.7,0,30.7,-30.7,日常经营分析,日常交通,舒适出行,可控支出,预算外,大额风险,视实际情况而定,已清洗,0.0,0,0,1,0,0,1,一般关注,预算外风险规则,该交易属于预算外支出，且带有风险或优化标签,建议纳入月度预算复盘，判断是否可提前规划
支出,餐饮,2026-5-26 16:03,15.0,校园卡,自用-2605,食堂,月岛雯,中饭,,TX0196,2026-05-26,2026-05,22,二,15.0,0,15.0,-15.0,日常经营分析,餐饮消费,校园餐饮,必要支出,预算内,无明显风险,高频刚需消费,已清洗,0.0,0,0,0,0,0,0,暂无明显规则命中,无,当前规则下未发现明显风险命中,保持正常记录，后续继续月度复盘
支出,饮品,2026-5-26 16:03,4.5,校园卡,自用-2605,糖水,月岛雯,糖水粥铺,,TX0197,2026-05-26,2026-05,22,二,4.5,0,4.5,-4.5,日常经营分析,日常饮品,糖水,弹性支出,预算内,无明显风险,专项分析,已清洗,1.0,0,1,0,0,0,1,一般关注,高频小额规则,该场景存在小额高频特征，可能形成隐性累计成本,建议设置月度频次提醒，避免小额支出积少成多
支出,日用,2026-5-26 17:34,21.55,花呗,自用-2605,家居用品,月岛雯,拖鞋,,TX0201,2026-05-26,2026-05,22,二,21.55,0,21.55,-21.55,日常经营分析,日用购买,家具用品,必要支出,预算内,无明显风险,专项分析,已清洗,0.0,0,0,0,0,0,0,暂无明显规则命中,无,当前规则下未发现明显风险命中,保持正常记录，后续继续月度复盘
支出,服饰,2026-5-26 17:35,16.28,花呗,自用-2605,衣服,月岛雯,,,TX0203,2026-05-26,2026-05,22,二,16.28,0,16.28,-16.28,日常经营分析,日常服饰,日常衣物,可控支出,预算外,非必要支出,可控支出,已清洗,0.0,0,0,1,0,0,1,一般关注,预算外风险规则,该交易属于预算外支出，且带有风险或优化标签,建议纳入月度预算复盘，判断是否可提前规划
支出,日用,2026-5-26 17:35,24.99,花呗,自用-2605,出行用品,月岛雯,晴雨伞,,TX0204,2026-05-26,2026-05,22,二,24.99,0,24.99,-24.99,日常经营分析,日用购买,出行用品,必要支出,预算内,无明显风险,专项分析,已清洗,0.0,0,0,0,0,0,0,暂无明显规则命中,无,当前规则下未发现明显风险命中,保持正常记录，后续继续月度复盘
支出,服饰,2026-5-26 17:36,4.51,花呗,自用-2605,饰品,月岛雯,耳挂,,TX0205,2026-05-26,2026-05,22,二,4.51,0,4.51,-4.51,日常经营分析,日常服饰,日常饰品,可控支出,预算外,非必要支出,可控支出,已清洗,1.0,0,1,1,0,0,2,重点关注,高频小额规则、预算外风险规则,该场景存在小额高频特征，可能形成隐性累计成本；该交易属于预算外支出，且带有风险或优化标签,建议设置月度频次提醒，避免小额支出积少成多；建议纳入月度预算复盘，判断是否可提前规划
支出,快递,2026-5-26 17:36,1.0,花呗,自用-2605,饰品,月岛雯,耳挂,,TX0206,2026-05-26,2026-05,22,二,1.0,0,1.0,-1.0,日常经营分析,日常服饰,购物快递,可控支出,预算外,积少成多,非必要支出,已清洗,0.0,0,0,1,0,0,1,一般关注,预算外风险规则,该交易属于预算外支出，且带有风险或优化标签,建议纳入月度预算复盘，判断是否可提前规划
支出,日用,2026-5-26 17:37,23.28,花呗,自用-2605,家居用品,月岛雯,马桶垫,,TX0207,2026-05-26,2026-05,22,二,23.28,0,23.28,-23.28,日常经营分析,日用购买,家具用品,必要支出,预算内,无明显风险,专项分析,已清洗,0.0,0,0,0,0,0,0,暂无明显规则命中,无,当前规则下未发现明显风险命中,保持正常记录，后续继续月度复盘
支出,日用,2026-5-26 17:40,13.99,余额宝,自用-2605,家居用品,月岛雯,衣架,,TX0210,2026-05-26,2026-05,22,二,13.99,0,13.99,-13.99,日常经营分析,日用购买,家具用品,必要支出,预算内,无明显风险,专项分析,已清洗,0.0,0,0,0,0,0,0,暂无明显规则命中,无,当前规则下未发现明显风险命中,保持正常记录，后续继续月度复盘
支出,日用,2026-5-26 17:41,21.99,花呗,自用-2605,家居用品,月岛雯,拖鞋,,TX0212,2026-05-26,2026-05,22,二,21.99,0,21.99,-21.99,日常经营分析,日用购买,家具用品,必要支出,预算内,无明显风险,专项分析,已清洗,0.0,0,0,0,0,0,0,暂无明显规则命中,无,当前规则下未发现明显风险命中,保持正常记录，后续继续月度复盘
支出,餐饮,2026-5-26 18:03,17.0,校园卡,自用-2605,食堂,月岛雯,晚饭,,TX0215,2026-05-26,2026-05,22,二,17.0,0,17.0,-17.0,日常经营分析,餐饮消费,校园餐饮,必要支出,预算内,无明显风险,高频刚需消费,已清洗,0.0,0,0,0,0,0,0,暂无明显规则命中,无,当前规则下未发现明显风险命中,保持正常记录，后续继续月度复盘
支出,交通,2026-5-26 18:25,33.3,平安银行,自用-2605,顺风车,月岛雯,回学校,,TX0216,2026-05-26,2026-05,22,二,33.3,0,33.3,-33.3,日常经营分析,日常交通,舒适出行,可控支出,预算外,大额风险,视实际情况而定,已清洗,0.0,0,0,1,0,0,1,一般关注,预算外风险规则,该交易属于预算外支出，且带有风险或优化标签,建议纳入月度预算复盘，判断是否可提前规划
支出,餐饮,2026-5-27 11:48,24.06,平安银行,自用-2605,外卖,月岛雯,中饭,,TX0217,2026-05-27,2026-05,22,三,24.06,0,24.06,-24.06,日常经营分析,餐饮消费,美食外卖,必要支出,预算内,可优化支出,高频刚需消费,已清洗,0.0,0,0,0,0,1,1,一般关注,外卖频次规则,该交易属于美食外卖，是餐饮高占比的重要驱动场景,建议关注外卖频次，尝试用食堂、做饭或提前备餐替代部分场景
支出,快递,2026-5-27 11:48,3.0,平安银行,自用-2605,打包,月岛雯,中饭,,TX0218,2026-05-27,2026-05,22,三,3.0,0,3.0,-3.0,日常经营分析,餐饮消费,外卖打包,可控支出,预算外,积少成多,非必要支出,已清洗,1.0,0,1,1,0,0,2,重点关注,高频小额规则、预算外风险规则,该场景存在小额高频特征，可能形成隐性累计成本；该交易属于预算外支出，且带有风险或优化标签,建议设置月度频次提醒，避免小额支出积少成多；建议纳入月度预算复盘，判断是否可提前规划
支出,饮品,2026-5-27 18:57,10.0,平安银行,自用-2605,奶茶,月岛雯,蜜雪冰城,,TX0219,2026-05-27,2026-05,22,三,10.0,0,10.0,-10.0,日常经营分析,日常饮品,奶茶,弹性支出,预算内,无明显风险,专项分析,已清洗,1.0,0,1,0,0,0,1,一般关注,高频小额规则,该场景存在小额高频特征，可能形成隐性累计成本,建议设置月度频次提醒，避免小额支出积少成多
支出,饮品,2026-5-27 18:57,5.0,平安银行,自用-2605,饮料,月岛雯,便利店,,TX0220,2026-05-27,2026-05,22,三,5.0,0,5.0,-5.0,日常经营分析,日常饮品,饮料,弹性支出,预算内,无明显风险,专项分析,已清洗,1.0,0,1,0,0,0,1,一般关注,高频小额规则,该场景存在小额高频特征，可能形成隐性累计成本,建议设置月度频次提醒，避免小额支出积少成多
支出,餐饮,2026-5-27 18:59,13.9,平安银行,自用-2605,到店,月岛雯,晚饭,,TX0221,2026-05-27,2026-05,22,三,13.9,0,13.9,-13.9,日常经营分析,餐饮消费,到店餐饮,必要支出,预算内,可优化支出,高频刚需消费,已清洗,1.0,0,0,0,0,0,0,暂无明显规则命中,无,当前规则下未发现明显风险命中,保持正常记录，后续继续月度复盘
支出,交通,2026-5-28 18:09,2.0,平安银行,自用-2605,小驴,月岛雯,充电,,TX0222,2026-05-28,2026-05,22,四,2.0,0,2.0,-2.0,日常经营分析,日常交通,经济出行,必要支出,预算内,无明显风险,高频刚需消费,已清洗,1.0,0,1,0,0,0,1,一般关注,高频小额规则,该场景存在小额高频特征，可能形成隐性累计成本,建议设置月度频次提醒，避免小额支出积少成多
支出,餐饮,2026-5-28 18:10,30.9,平安银行,自用-2605,外卖,月岛雯,中饭,,TX0223,2026-05-28,2026-05,22,四,30.9,0,30.9,-30.9,日常经营分析,餐饮消费,美食外卖,必要支出,预算内,可优化支出,高频刚需消费,已清洗,0.0,0,0,0,0,1,1,一般关注,外卖频次规则,该交易属于美食外卖，是餐饮高占比的重要驱动场景,建议关注外卖频次，尝试用食堂、做饭或提前备餐替代部分场景
支出,快递,2026-5-28 18:10,2.0,平安银行,自用-2605,打包,月岛雯,中饭,,TX0224,2026-05-28,2026-05,22,四,2.0,0,2.0,-2.0,日常经营分析,餐饮消费,外卖打包,可控支出,预算外,积少成多,非必要支出,已清洗,1.0,0,1,1,0,0,2,重点关注,高频小额规则、预算外风险规则,该场景存在小额高频特征，可能形成隐性累计成本；该交易属于预算外支出，且带有风险或优化标签,建议设置月度频次提醒，避免小额支出积少成多；建议纳入月度预算复盘，判断是否可提前规划
支出,餐饮,2026-5-29 12:23,20.12,平安银行,自用-2605,外卖,月岛雯,中饭,,TX0226,2026-05-29,2026-05,22,五,20.12,0,20.12,-20.12,日常经营分析,餐饮消费,美食外卖,必要支出,预算内,可优化支出,高频刚需消费,已清洗,0.0,0,0,0,0,1,1,一般关注,外卖频次规则,该交易属于美食外卖，是餐饮高占比的重要驱动场景,建议关注外卖频次，尝试用食堂、做饭或提前备餐替代部分场景
支出,日用,2026-5-29 18:29,22.8,抖音月付,自用-2605,家居用品,月岛雯,碗,,TX0227,2026-05-29,2026-05,22,五,22.8,0,22.8,-22.8,日常经营分析,日用购买,家具用品,必要支出,预算内,无明显风险,专项分析,已清洗,0.0,0,0,0,0,0,0,暂无明显规则命中,无,当前规则下未发现明显风险命中,保持正常记录，后续继续月度复盘
支出,餐饮,2026-5-29 20:16,25.02,平安银行,自用-2605,外卖,月岛雯,晚饭,,TX0228,2026-05-29,2026-05,22,五,25.02,0,25.02,-25.02,日常经营分析,餐饮消费,美食外卖,必要支出,预算内,可优化支出,高频刚需消费,已清洗,0.0,0,0,0,0,1,1,一般关注,外卖频次规则,该交易属于美食外卖，是餐饮高占比的重要驱动场景,建议关注外卖频次，尝试用食堂、做饭或提前备餐替代部分场景
支出,快递,2026-5-29 20:16,2.0,平安银行,自用-2605,打包,月岛雯,晚饭,,TX0229,2026-05-29,2026-05,22,五,2.0,0,2.0,-2.0,日常经营分析,餐饮消费,外卖打包,可控支出,预算外,积少成多,非必要支出,已清洗,1.0,0,1,1,0,0,2,重点关注,高频小额规则、预算外风险规则,该场景存在小额高频特征，可能形成隐性累计成本；该交易属于预算外支出，且带有风险或优化标签,建议设置月度频次提醒，避免小额支出积少成多；建议纳入月度预算复盘，判断是否可提前规划
支出,交通,2026-5-30 17:17,0.99,中国银行,自用-2605,骑行,月岛雯,去交大,,TX0230,2026-05-30,2026-05,22,六,0.99,0,0.99,-0.99,日常经营分析,日常交通,经济出行,必要支出,预算内,无明显风险,高频刚需消费,已清洗,1.0,0,1,0,0,0,1,一般关注,高频小额规则,该场景存在小额高频特征，可能形成隐性累计成本,建议设置月度频次提醒，避免小额支出积少成多
支出,数码,2026-5-30 17:21,19.9,微信钱包,自用-2605,软件会员,月岛雯,腾讯会员,,TX0231,2026-05-30,2026-05,22,六,19.9,0,19.9,-19.9,日常经营分析,数码软件,月度会员,弹性支出,预算外,续费管理,专项分析,已清洗,0.0,0,0,1,1,0,2,重点关注,预算外风险规则、续费管理规则,该交易属于预算外支出，且带有风险或优化标签；该交易属于软件/会员/订阅类支出，存在续费管理需求,建议建立订阅台账，记录续费周期、金额和实际使用频率；建议纳入月度预算复盘，判断是否可提前规划
支出,饮品,2026-5-30 17:34,3.9,好特卖,自用-2605,饮料,月岛雯,好特卖,,TX0233,2026-05-30,2026-05,22,六,3.9,0,3.9,-3.9,日常经营分析,日常饮品,饮料,弹性支出,预算内,无明显风险,专项分析,已清洗,1.0,0,1,0,0,0,1,一般关注,高频小额规则,该场景存在小额高频特征，可能形成隐性累计成本,建议设置月度频次提醒，避免小额支出积少成多
支出,饮品,2026-5-30 17:34,9.8,好特卖,自用-2605,奶制品,月岛雯,好特卖酸奶,,TX0234,2026-05-30,2026-05,22,六,9.8,0,9.8,-9.8,日常经营分析,日常饮品,奶制品,弹性支出,预算内,无明显风险,专项分析,已清洗,1.0,0,1,0,0,0,1,一般关注,高频小额规则,该场景存在小额高频特征，可能形成隐性累计成本,建议设置月度频次提醒，避免小额支出积少成多
支出,零食,2026-5-30 17:36,10.8,好特卖,自用-2605,辣味零食,月岛雯,鸡胸肉干,,TX0235,2026-05-30,2026-05,22,六,10.8,0,10.8,-10.8,日常经营分析,日常零食,休闲食品,弹性支出,预算内,是否吃完,与实际相联系,已清洗,1.0,0,0,0,0,0,0,暂无明显规则命中,无,当前规则下未发现明显风险命中,保持正常记录，后续继续月度复盘
支出,零食,2026-5-30 17:36,4.0,好特卖,自用-2605,辣味零食,月岛雯,豆角干,,TX0236,2026-05-30,2026-05,22,六,4.0,0,4.0,-4.0,日常经营分析,日常零食,休闲食品,弹性支出,预算内,是否吃完,与实际相联系,已清洗,1.0,0,1,0,0,0,1,一般关注,高频小额规则,该场景存在小额高频特征，可能形成隐性累计成本,建议设置月度频次提醒，避免小额支出积少成多
支出,零食,2026-5-30 17:36,9.9,好特卖,自用-2605,辣味零食,月岛雯,劲仔小鱼,,TX0237,2026-05-30,2026-05,22,六,9.9,0,9.9,-9.9,日常经营分析,日常零食,休闲食品,弹性支出,预算内,是否吃完,与实际相联系,已清洗,1.0,0,1,0,0,0,1,一般关注,高频小额规则,该场景存在小额高频特征，可能形成隐性累计成本,建议设置月度频次提醒，避免小额支出积少成多
支出,快递,2026-5-30 17:37,1.0,好特卖,自用-2605,打包,月岛雯,购物袋,,TX0238,2026-05-30,2026-05,22,六,1.0,0,1.0,-1.0,日常经营分析,超市购物,购物袋,可控支出,预算外,积少成多,非必要支出,已清洗,1.0,0,1,1,0,0,2,重点关注,高频小额规则、预算外风险规则,该场景存在小额高频特征，可能形成隐性累计成本；该交易属于预算外支出，且带有风险或优化标签,建议设置月度频次提醒，避免小额支出积少成多；建议纳入月度预算复盘，判断是否可提前规划
支出,交通,2026-5-30 17:38,12.6,地铁卡,自用-2605,地铁,月岛雯,去交大,,TX0239,2026-05-30,2026-05,22,六,12.6,0,12.6,-12.6,日常经营分析,日常交通,经济出行,必要支出,预算内,无明显风险,高频刚需消费,已清洗,1.0,0,0,0,0,0,0,暂无明显规则命中,无,当前规则下未发现明显风险命中,保持正常记录，后续继续月度复盘
支出,餐饮,2026-5-30 18:05,24.0,平安银行,自用-2605,到店,月岛雯,晚饭,,TX0241,2026-05-30,2026-05,22,六,24.0,0,24.0,-24.0,日常经营分析,餐饮消费,到店餐饮,必要支出,预算内,可优化支出,高频刚需消费,已清洗,1.0,0,0,0,0,0,0,暂无明显规则命中,无,当前规则下未发现明显风险命中,保持正常记录，后续继续月度复盘
支出,日用,2026-5-31 18:02,12.0,平安银行,自用-2605,日用清洗、新加坡访学,月岛雯,烘干,,TX0253,2026-05-31,2026-05,23,日,12.0,0,12.0,-12.0,日常经营分析,日用购买,日用清洗,必要支出,预算内,无明显风险,专项分析,已清洗,0.0,0,0,0,0,0,0,暂无明显规则命中,无,当前规则下未发现明显风险命中,保持正常记录，后续继续月度复盘
支出,数码,2026-6-2 18:00,18.0,平安银行,自用-2605,软件会员,月岛雯,VPN,,TX0262,2026-06-02,2026-06,23,二,18.0,0,18.0,-18.0,日常经营分析,数码软件,月度会员,弹性支出,预算外,续费管理,专项分析,已清洗,0.0,0,0,1,1,0,2,重点关注,预算外风险规则、续费管理规则,该交易属于预算外支出，且带有风险或优化标签；该交易属于软件/会员/订阅类支出，存在续费管理需求,建议建立订阅台账，记录续费周期、金额和实际使用频率；建议纳入月度预算复盘，判断是否可提前规划
支出,数码,2026-6-6 17:08,19.0,余额宝,自用-2605,软件会员,月岛雯,百度网盘月度会员,,TX0270,2026-06-06,2026-06,23,六,19.0,0,19.0,-19.0,日常经营分析,数码软件,月度会员,弹性支出,预算外,续费管理,专项分析,已清洗,0.0,0,0,1,1,0,2,重点关注,预算外风险规则、续费管理规则,该交易属于预算外支出，且带有风险或优化标签；该交易属于软件/会员/订阅类支出，存在续费管理需求,建议建立订阅台账，记录续费周期、金额和实际使用频率；建议纳入月度预算复盘，判断是否可提前规划
支出,交通,2026-6-7 19:00,10.0,新加坡元,自用-2605,打车,月岛雯,,,TX0281,2026-06-07,2026-06,24,日,10.0,0,10.0,-10.0,日常经营分析,日常交通,舒适出行,可控支出,预算外,大额风险,视实际情况而定,已清洗,0.0,0,0,1,0,0,1,一般关注,预算外风险规则,该交易属于预算外支出，且带有风险或优化标签,建议纳入月度预算复盘，判断是否可提前规划
支出,餐饮,2026-6-8 13:41,22.98,美团月付,自用-2605,外卖,月岛雯,中饭,,TX0286,2026-06-08,2026-06,24,一,22.98,0,22.98,-22.98,日常经营分析,餐饮消费,美食外卖,必要支出,预算内,可优化支出,高频刚需消费,已清洗,0.0,0,0,0,0,1,1,一般关注,外卖频次规则,该交易属于美食外卖，是餐饮高占比的重要驱动场景,建议关注外卖频次，尝试用食堂、做饭或提前备餐替代部分场景
支出,餐饮,2026-6-8 16:05,19.87,美团月付,自用-2605,外卖,月岛雯,绝味鸭脖,,TX0287,2026-06-08,2026-06,24,一,19.87,0,19.87,-19.87,日常经营分析,餐饮消费,美食外卖,必要支出,预算内,可优化支出,高频刚需消费,已清洗,0.0,0,0,0,0,1,1,一般关注,外卖频次规则,该交易属于美食外卖，是餐饮高占比的重要驱动场景,建议关注外卖频次，尝试用食堂、做饭或提前备餐替代部分场景
支出,快递,2026-6-8 16:05,1.0,美团月付,自用-2605,打包,月岛雯,绝味鸭脖,,TX0288,2026-06-08,2026-06,24,一,1.0,0,1.0,-1.0,日常经营分析,餐饮消费,外卖打包,可控支出,预算外,积少成多,非必要支出,已清洗,1.0,0,1,1,0,0,2,重点关注,高频小额规则、预算外风险规则,该场景存在小额高频特征，可能形成隐性累计成本；该交易属于预算外支出，且带有风险或优化标签,建议设置月度频次提醒，避免小额支出积少成多；建议纳入月度预算复盘，判断是否可提前规划
支出,水果,2026-6-8 16:51,29.09,美团月付,自用-2605,外卖,月岛雯,果切,,TX0289,2026-06-08,2026-06,24,一,29.09,0,29.09,-29.09,日常经营分析,日常水果,果切,弹性支出,预算内,是否实惠,专项分析,已清洗,0.0,0,0,0,0,0,0,暂无明显规则命中,无,当前规则下未发现明显风险命中,保持正常记录，后续继续月度复盘
支出,快递,2026-6-8 16:51,1.9,美团月付,自用-2605,打包,月岛雯,果切,,TX0290,2026-06-08,2026-06,24,一,1.9,0,1.9,-1.9,日常经营分析,餐饮消费,外卖打包,可控支出,预算外,积少成多,非必要支出,已清洗,1.0,0,1,1,0,0,2,重点关注,高频小额规则、预算外风险规则,该场景存在小额高频特征，可能形成隐性累计成本；该交易属于预算外支出，且带有风险或优化标签,建议设置月度频次提醒，避免小额支出积少成多；建议纳入月度预算复盘，判断是否可提前规划
支出,餐饮,2026-6-9 15:32,23.45,美团月付,自用-2605,外卖,月岛雯,晚饭,,TX0293,2026-06-09,2026-06,24,二,23.45,0,23.45,-23.45,日常经营分析,餐饮消费,美食外卖,必要支出,预算内,可优化支出,高频刚需消费,已清洗,0.0,0,0,0,0,1,1,一般关注,外卖频次规则,该交易属于美食外卖，是餐饮高占比的重要驱动场景,建议关注外卖频次，尝试用食堂、做饭或提前备餐替代部分场景
支出,快递,2026-6-9 15:33,1.5,美团月付,自用-2605,打包,月岛雯,晚饭,,TX0294,2026-06-09,2026-06,24,二,1.5,0,1.5,-1.5,日常经营分析,餐饮消费,外卖打包,可控支出,预算外,积少成多,非必要支出,已清洗,1.0,0,1,1,0,0,2,重点关注,高频小额规则、预算外风险规则,该场景存在小额高频特征，可能形成隐性累计成本；该交易属于预算外支出，且带有风险或优化标签,建议设置月度频次提醒，避免小额支出积少成多；建议纳入月度预算复盘，判断是否可提前规划
支出,餐饮,2026-6-10 13:34,21.92,平安银行,自用-2605,外卖,月岛雯,中饭,,TX0296,2026-06-10,2026-06,24,三,21.92,0,21.92,-21.92,日常经营分析,餐饮消费,美食外卖,必要支出,预算内,可优化支出,高频刚需消费,已清洗,0.0,0,0,0,0,1,1,一般关注,外卖频次规则,该交易属于美食外卖，是餐饮高占比的重要驱动场景,建议关注外卖频次，尝试用食堂、做饭或提前备餐替代部分场景
支出,快递,2026-6-10 13:34,1.0,平安银行,自用-2605,打包,月岛雯,中饭,,TX0297,2026-06-10,2026-06,24,三,1.0,0,1.0,-1.0,日常经营分析,餐饮消费,外卖打包,可控支出,预算外,积少成多,非必要支出,已清洗,1.0,0,1,1,0,0,2,重点关注,高频小额规则、预算外风险规则,该场景存在小额高频特征，可能形成隐性累计成本；该交易属于预算外支出，且带有风险或优化标签,建议设置月度频次提醒，避免小额支出积少成多；建议纳入月度预算复盘，判断是否可提前规划
支出,娱乐,2026-6-10 17:29,53.0,南京银行-活期,自用-2605,打球,月岛雯,俱乐部打球,,TX0298,2026-06-10,2026-06,24,三,53.0,0,53.0,-53.0,日常经营分析,娱乐消费,俱乐部打球,必要支出,预算内,无明显风险,专项分析,已清洗,0.0,0,0,0,0,0,0,暂无明显规则命中,无,当前规则下未发现明显风险命中,保持正常记录，后续继续月度复盘
支出,水果,2026-6-10 19:57,17.69,南京银行-活期,自用-2605,外卖,月岛雯,果切,,TX0299,2026-06-10,2026-06,24,三,17.69,0,17.69,-17.69,日常经营分析,日常水果,果切,弹性支出,预算内,是否实惠,专项分析,已清洗,0.0,0,0,0,0,0,0,暂无明显规则命中,无,当前规则下未发现明显风险命中,保持正常记录，后续继续月度复盘
支出,快递,2026-6-10 19:58,1.9,南京银行-活期,自用-2605,打包,月岛雯,果切,,TX0300,2026-06-10,2026-06,24,三,1.9,0,1.9,-1.9,日常经营分析,餐饮消费,外卖打包,可控支出,预算外,积少成多,非必要支出,已清洗,1.0,0,1,1,0,0,2,重点关注,高频小额规则、预算外风险规则,该场景存在小额高频特征，可能形成隐性累计成本；该交易属于预算外支出，且带有风险或优化标签,建议设置月度频次提醒，避免小额支出积少成多；建议纳入月度预算复盘，判断是否可提前规划
支出,餐饮,2026-6-10 20:06,19.88,美团月付,自用-2605,外卖,月岛雯,绝味鸭脖,,TX0301,2026-06-10,2026-06,24,三,19.88,0,19.88,-19.88,日常经营分析,餐饮消费,美食外卖,必要支出,预算内,可优化支出,高频刚需消费,已清洗,0.0,0,0,0,0,1,1,一般关注,外卖频次规则,该交易属于美食外卖，是餐饮高占比的重要驱动场景,建议关注外卖频次，尝试用食堂、做饭或提前备餐替代部分场景
支出,快递,2026-6-10 20:07,1.0,美团月付,自用-2605,打包,月岛雯,绝味鸭脖,,TX0302,2026-06-10,2026-06,24,三,1.0,0,1.0,-1.0,日常经营分析,餐饮消费,外卖打包,可控支出,预算外,积少成多,非必要支出,已清洗,1.0,0,1,1,0,0,2,重点关注,高频小额规则、预算外风险规则,该场景存在小额高频特征，可能形成隐性累计成本；该交易属于预算外支出，且带有风险或优化标签,建议设置月度频次提醒，避免小额支出积少成多；建议纳入月度预算复盘，判断是否可提前规划
支出,娱乐,2026-6-11 8:17,140.0,南京银行-活期,自用-2605,吃喝,月岛雯,交大海底捞聚餐,,TX0303,2026-06-11,2026-06,24,四,140.0,0,140.0,-140.0,日常经营分析,娱乐消费,娱乐吃喝,弹性支出,预算内,无明显风险,专项分析,已清洗,0.0,1,0,0,0,0,1,一般关注,单笔大额规则,单笔金额较高，需要复核支出必要性,建议核对该笔支出的必要性、预算类型和备注说明
支出,交通,2026-6-11 8:42,1.5,余额宝,自用-2605,骑行,月岛雯,,,TX0304,2026-06-11,2026-06,24,四,1.5,0,1.5,-1.5,日常经营分析,日常交通,经济出行,必要支出,预算内,无明显风险,高频刚需消费,已清洗,1.0,0,1,0,0,0,1,一般关注,高频小额规则,该场景存在小额高频特征，可能形成隐性累计成本,建议设置月度频次提醒，避免小额支出积少成多
支出,餐饮,2026-6-11 8:55,4.5,校园卡,自用-2605,食堂,月岛雯,早餐,,TX0305,2026-06-11,2026-06,24,四,4.5,0,4.5,-4.5,日常经营分析,餐饮消费,校园餐饮,必要支出,预算内,无明显风险,高频刚需消费,已清洗,0.0,0,0,0,0,0,0,暂无明显规则命中,无,当前规则下未发现明显风险命中,保持正常记录，后续继续月度复盘
支出,日用,2026-6-11 9:42,29.07,平安银行,自用-2605,电子产品,月岛雯,手环表带,,TX0306,2026-06-11,2026-06,24,四,29.07,0,29.07,-29.07,日常经营分析,日用购买,电子产品,弹性支出,预算外,无明显风险,专项分析,已清洗,0.0,0,0,0,0,0,0,暂无明显规则命中,无,当前规则下未发现明显风险命中,保持正常记录，后续继续月度复盘
支出,日用,2026-6-11 9:43,5.64,平安银行,自用-2605,家居用品,月岛雯,玻璃吸管,,TX0307,2026-06-11,2026-06,24,四,5.64,0,5.64,-5.64,日常经营分析,日用购买,家具用品,必要支出,预算内,无明显风险,专项分析,已清洗,0.0,0,0,0,0,0,0,暂无明显规则命中,无,当前规则下未发现明显风险命中,保持正常记录，后续继续月度复盘
支出,日用,2026-6-11 9:51,29.9,南京银行-活期,自用-2605,日用清洗,月岛雯,拖把,,TX0309,2026-06-11,2026-06,24,四,29.9,0,29.9,-29.9,日常经营分析,日用购买,日用清洗,必要支出,预算内,无明显风险,专项分析,已清洗,0.0,0,0,0,0,0,0,暂无明显规则命中,无,当前规则下未发现明显风险命中,保持正常记录，后续继续月度复盘
支出,数码,2026-6-11 11:23,134.99,花呗,自用-2605,软件会员,月岛雯,chatgpt月度会员,,TX0310,2026-06-11,2026-06,24,四,134.99,0,134.99,-134.99,日常经营分析,数码软件,月度会员,弹性支出,预算外,续费管理,专项分析,已清洗,0.0,1,0,1,1,0,3,重点关注,单笔大额规则、预算外风险规则、续费管理规则,单笔金额较高，需要复核支出必要性；该交易属于预算外支出，且带有风险或优化标签；该交易属于软件/会员/订阅类支出，存在续费管理需求,建议建立订阅台账，记录续费周期、金额和实际使用频率；建议纳入月度预算复盘，判断是否可提前规划；建议核对该笔支出的必要性、预算类型和备注说明
支出,服饰,2026-6-11 11:44,0.01,中国银行,自用-2605,饰品,月岛雯,耳挂,,TX0311,2026-06-11,2026-06,24,四,0.01,0,0.01,-0.01,日常经营分析,日常服饰,日常饰品,可控支出,预算外,非必要支出,可控支出,已清洗,1.0,0,1,1,0,0,2,重点关注,高频小额规则、预算外风险规则,该场景存在小额高频特征，可能形成隐性累计成本；该交易属于预算外支出，且带有风险或优化标签,建议设置月度频次提醒，避免小额支出积少成多；建议纳入月度预算复盘，判断是否可提前规划
支出,餐饮,2026-6-11 12:08,15.0,校园卡,自用-2605,食堂,月岛雯,中饭,,TX0312,2026-06-11,2026-06,24,四,15.0,0,15.0,-15.0,日常经营分析,餐饮消费,校园餐饮,必要支出,预算内,无明显风险,高频刚需消费,已清洗,0.0,0,0,0,0,0,0,暂无明显规则命中,无,当前规则下未发现明显风险命中,保持正常记录，后续继续月度复盘
支出,甜品,2026-6-11 12:54,3.0,校园卡,自用-2605,食堂,月岛雯,冰淇淋,,TX0313,2026-06-11,2026-06,24,四,3.0,0,3.0,-3.0,日常经营分析,日常甜品,休闲零食,弹性支出,预算外,无明显风险,专项分析,已清洗,1.0,0,1,0,0,0,1,一般关注,高频小额规则,该场景存在小额高频特征，可能形成隐性累计成本,建议设置月度频次提醒，避免小额支出积少成多
支出,数码,2026-6-11 16:26,108.0,平安银行,自用-2605,软件会员,月岛雯,木木记账永久会员,,TX0315,2026-06-11,2026-06,24,四,108.0,0,108.0,-108.0,日常经营分析,数码软件,永久会员,弹性支出,预算外,续费管理,专项分析,已清洗,0.0,1,0,1,1,0,3,重点关注,单笔大额规则、预算外风险规则、续费管理规则,单笔金额较高，需要复核支出必要性；该交易属于预算外支出，且带有风险或优化标签；该交易属于软件/会员/订阅类支出，存在续费管理需求,建议建立订阅台账，记录续费周期、金额和实际使用频率；建议纳入月度预算复盘，判断是否可提前规划；建议核对该笔支出的必要性、预算类型和备注说明
